Mark,Competitor,DOB,Nat,Venue,Date
1:41.11,Emmanuel WANYONYI,01 Aug 2004,KEN,"Stade Olympique de la Pontaise, Lausanne (SUI)",22 Aug 2024
1:41.19,Emmanuel WANYONYI,01 Aug 2004,KEN,"Stade de France, Paris (FRA)",10 Aug 2024
1:41.20,Marco AROP,20 Sep 1998,CAN,"Stade de France, Paris (FRA)",10 Aug 2024
1:41.46,Djamel SEDJATI,03 May 1999,ALG,"Stade Louis II, Monaco (MON)",12 Jul 2024
1:41.50,Djamel SEDJATI,03 May 1999,ALG,"Stade de France, Paris (FRA)",10 Aug 2024
1:41.56,Djamel SEDJATI,03 May 1999,ALG,"Stade Charléty, Paris (FRA)",07 Jul 2024
1:41.58,Emmanuel WANYONYI,01 Aug 2004,KEN,"Stade Charléty, Paris (FRA)",07 Jul 2024
1:41.61,Gabriel TUAL,09 Apr 1998,FRA,"Stade Charléty, Paris (FRA)",07 Jul 2024
1:41.67,Bryce HOPPEL,05 Sep 1997,USA,"Stade de France, Paris (FRA)",10 Aug 2024
1:41.70,Emmanuel WANYONYI,01 Aug 2004,KEN,"Nyayo National Stadium, Nairobi (KEN)",15 Jun 2024
1:41.72,Marco AROP,20 Sep 1998,CAN,"Stade Olympique de la Pontaise, Lausanne (SUI)",22 Aug 2024
1:42.04,Mohamed ATTAOUI,26 Sep 2001,ESP,"Stade Louis II, Monaco (MON)",12 Jul 2024
1:42.08,Aaron Kemei CHEMININGWA,21 Jun 1998,KEN,"Stade Charléty, Paris (FRA)",07 Jul 2024
1:42.08,Wyclife KINYAMAL,02 Jul 1997,KEN,"Stade Charléty, Paris (FRA)",07 Jul 2024
1:42.08,Mohamed ATTAOUI,26 Sep 2001,ESP,"Stade de France, Paris (FRA)",10 Aug 2024
1:42.10,Gabriel TUAL,09 Apr 1998,FRA,"Stade Louis II, Monaco (MON)",12 Jul 2024
1:42.13,Aaron Kemei CHEMININGWA,21 Jun 1998,KEN,"Stade Louis II, Monaco (MON)",12 Jul 2024
1:42.14,Gabriel TUAL,09 Apr 1998,FRA,"Stade de France, Paris (FRA)",10 Aug 2024
1:42.27,Ben PATTISON,15 Dec 2001,GBR,"Stade Louis II, Monaco (MON)",12 Jul 2024
1:42.30,Gabriel TUAL,09 Apr 1998,FRA,"Stade Olympique de la Pontaise, Lausanne (SUI)",22 Aug 2024
1:42.43,Eliott CRESTAN,22 Feb 1999,BEL,"Stade Charléty, Paris (FRA)",07 Jul 2024
1:42.50,Wyclife KINYAMAL,02 Jul 1997,KEN,"Nyayo National Stadium, Nairobi (KEN)",15 Jun 2024
1:42.63,Bryce HOPPEL,05 Sep 1997,USA,"Stade Olympique de la Pontaise, Lausanne (SUI)",22 Aug 2024
1:42.66,Koitatoi KIDALI,12 Feb 2003,KEN,"Nyayo National Stadium, Nairobi (KEN)",15 Jun 2024
1:42.77,Bryce HOPPEL,05 Sep 1997,USA,"Hayward Field, Eugene, OR (USA)",30 Jun 2024
1:42.82,Tshepiso MASALELA,25 May 1999,BOT,"Stade de France, Paris (FRA)",10 Aug 2024
1:42.93,Marco AROP,20 Sep 1998,CAN,"Stade Louis II, Monaco (MON)",12 Jul 2024
1:43.13,Andreas KRAMER,13 Apr 1997,SWE,"Stade Louis II, Monaco (MON)",12 Jul 2024
1:43.19,Eliott CRESTAN,22 Feb 1999,BEL,"Stade Louis II, Monaco (MON)",12 Jul 2024
1:43.23,Djamel SEDJATI,03 May 1999,ALG,"Olympiastadion, Stockholm (SWE)",02 Jun 2024
1:43.32,Emmanuel WANYONYI,01 Aug 2004,KEN,"Stade de France, Paris (FRA)",09 Aug 2024
1:43.41,Bryce HOPPEL,05 Sep 1997,USA,"Stade de France, Paris (FRA)",09 Aug 2024
1:43.48,Pieter SISK,08 Dec 1999,BEL,"Stade Olympique de la Pontaise, Lausanne (SUI)",22 Aug 2024
1:43.50,Max BURGIN,20 May 2002,GBR,"Stade de France, Paris (FRA)",09 Aug 2024
1:43.51,Djamel SEDJATI,03 May 1999,ALG,"Mestský Stadion, Ostrava (CZE)",28 May 2024
1:43.53,Marco AROP,20 Sep 1998,CAN,"Complexe Sportif Claude-Robillard, Montréal (CAN)",28 Jun 2024
1:43.55,Aaron Kemei CHEMININGWA,21 Jun 1998,KEN,"Campo di Atletica, Asti (ITA)",23 May 2024
1:43.57,Emmanuel WANYONYI,01 Aug 2004,KEN,"Nyayo National Stadium, Nairobi (KEN)",20 Apr 2024
1:43.61,Marco AROP,20 Sep 1998,CAN,"Egret Stadium, Xiamen (CHN)",20 Apr 2024
1:43.64,Hobbs KESSLER,15 Mar 2003,USA,"Hayward Field, Eugene, OR (USA)",30 Jun 2024
1:43.66,Wyclife KINYAMAL,02 Jul 1997,KEN,"Egret Stadium, Xiamen (CHN)",20 Apr 2024
1:43.66,Andreas KRAMER,13 Apr 1997,SWE,"Stade Charléty, Paris (FRA)",07 Jul 2024
1:43.68,Bryce HOPPEL,05 Sep 1997,USA,"Drake Stadium, Los Angeles, CA (USA)",18 May 2024
1:43.69,Mohamed ATTAOUI,26 Sep 2001,ESP,"Stade de France, Paris (FRA)",09 Aug 2024
1:43.71,Hobbs KESSLER,15 Mar 2003,USA,"Hayward Field, Eugene, OR (USA)",28 Jun 2024
1:43.71,Marco AROP,20 Sep 1998,CAN,"Complexe Sportif Claude-Robillard, Montréal (CAN)",29 Jun 2024
1:43.72,Eliott CRESTAN,22 Feb 1999,BEL,"Stade de France, Paris (FRA)",09 Aug 2024
1:43.73,Brandon MILLER,30 Jan 2002,USA,"Hayward Field, Eugene, OR (USA)",28 Jun 2024
1:43.74,Alex Ngeno KIPNGETICH,17 Aug 2000,KEN,"Nyayo National Stadium, Nairobi (KEN)",15 Jun 2024
1:43.75,Catalin TECUCEANU,09 Sep 1999,ITA,"Stade Louis II, Monaco (MON)",12 Jul 2024
1:43.79,Azeddine HABZ,19 Jul 1993,FRA,"Stade Charléty, Paris (FRA)",07 Jul 2024
1:43.80,Josh HOEY,01 Nov 1999,USA,"Sportcentrum Wembley, Kortrijk (BEL)",13 Jul 2024
1:43.84,Emmanuel WANYONYI,01 Aug 2004,KEN,"Le Grand Stade, Marrakech (MAR)",19 May 2024
1:43.84,Max BURGIN,20 May 2002,GBR,"Stade de France, Paris (FRA)",10 Aug 2024
1:43.88,Tshepiso MASALELA,25 May 1999,BOT,"Egret Stadium, Xiamen (CHN)",20 Apr 2024
1:43.94,Kethobogile HAINGURA,14 Dec 1998,BOT,"Bestmed Tuks Stadium, Pretoria (RSA)",18 Mar 2024
1:43.95,Benjamin ROBERT,04 Jan 1998,FRA,"Stade Louis II, Monaco (MON)",12 Jul 2024
1:43.97,Brandon MILLER,30 Jan 2002,USA,"Hayward Field, Eugene, OR (USA)",30 Jun 2024
1:43.98,Wyclife KINYAMAL,02 Jul 1997,KEN,"Le Grand Stade, Marrakech (MAR)",19 May 2024
1:43.99,Gabriel TUAL,09 Apr 1998,FRA,"Stade Josette et Roger Mikulak, Angers (FRA)",30 Jun 2024
1:44.01,Catalin TECUCEANU,09 Sep 1999,ITA,"Campo di Atletica, Asti (ITA)",23 May 2024
1:44.01,Bryce HOPPEL,05 Sep 1997,USA,"Hayward Field, Eugene, OR (USA)",28 Jun 2024
1:44.02,Isaiah JEWETT,06 Feb 1997,USA,"Drake Stadium, Los Angeles, CA (USA)",18 May 2024
1:44.04,James PRESTON,08 May 1997,NZL,"TSV Stadion, Pfungstadt (GER)",25 May 2024
1:44.07,Alex Ngeno KIPNGETICH,17 Aug 2000,KEN,"Nyayo National Stadium, Nairobi (KEN)",06 Mar 2024
1:44.07,Catalin TECUCEANU,09 Sep 1999,ITA,"Stade Olympique de la Pontaise, Lausanne (SUI)",22 Aug 2024
1:44.08,Andreas KRAMER,13 Apr 1997,SWE,"Zdzisław Krzyszkowiak Stadium, Bydgoszcz (POL)",20 Jun 2024
1:44.10,Aaron Kemei CHEMININGWA,21 Jun 1998,KEN,"Nyayo National Stadium, Nairobi (KEN)",20 Apr 2024
1:44.10,Jake WIGHTMAN,11 Jul 1994,GBR,"Drake Stadium, Los Angeles, CA (USA)",18 May 2024
1:44.10,Festus LAGAT,10 Oct 1996,KEN,"George Mason Stadium, Fairfax, VA (USA)",12 Aug 2024
1:44.11,Peyton CRAIG,28 Mar 2005,AUS,"Stade de France, Paris (FRA)",09 Aug 2024
1:44.12,Peyton CRAIG,28 Mar 2005,AUS,"LAZ Wien, Wien (AUT)",22 Jun 2024
1:44.12,Josh HOEY,01 Nov 1999,USA,"Hayward Field, Eugene, OR (USA)",30 Jun 2024
1:44.13,Yanis MEZIANE,26 Jan 2002,FRA,"Le Grand Stade, Marrakech (MAR)",19 May 2024
1:44.14,Tshepiso MASALELA,25 May 1999,BOT,"Le Grand Stade, Marrakech (MAR)",19 May 2024
1:44.21,Brandon MILLER,30 Jan 2002,USA,"Stade de France, Paris (FRA)",08 Aug 2024
1:44.22,Catalin TECUCEANU,09 Sep 1999,ITA,"Stadion Śląski, Chorzów (POL)",18 May 2024
1:44.22,Edmund DU PLESSIS,05 Apr 2002,RSA,"Morton Stadium, Dublin (IRL)",12 Jul 2024
1:44.22,Josh HOEY,01 Nov 1999,USA,"Percy Beard Track, Gainesville, FL (USA)",19 Jul 2024
1:44.24,Aaron Kemei CHEMININGWA,21 Jun 1998,KEN,"Nyayo National Stadium, Nairobi (KEN)",06 Mar 2024
1:44.24,Brandon MILLER,30 Jan 2002,USA,"Drake Stadium, Los Angeles, CA (USA)",18 May 2024
1:44.25,Corentin LE CLEZIO,24 Sep 1999,FRA,"LAZ Wien, Wien (AUT)",22 Jun 2024
1:44.28,Eliott CRESTAN,22 Feb 1999,BEL,"Estadio Vallehermoso, Madrid (ESP)",21 Jun 2024
1:44.29,Bryce HOPPEL,05 Sep 1997,USA,"Olympiastadion, Stockholm (SWE)",02 Jun 2024
1:44.30,Benjamin ROBERT,04 Jan 1998,FRA,"Stade Charléty, Paris (FRA)",07 Jul 2024
1:44.32,Jonah KOECH,12 Dec 1996,USA,"Hayward Field, Eugene, OR (USA)",30 Jun 2024
1:44.32,Elliot GILES,26 May 1994,GBR,"Stade Olympique de la Pontaise, Lausanne (SUI)",22 Aug 2024
1:44.37,Mohamed Ali GOUANED,05 Jul 2002,ALG,"Zdzisław Krzyszkowiak Stadium, Bydgoszcz (POL)",20 Jun 2024
1:44.37,Mohamed Ali GOUANED,05 Jul 2002,ALG,"Stade de France, Paris (FRA)",08 Aug 2024
1:44.41,Adrián BEN,04 Aug 1998,ESP,"Estadio Vallehermoso, Madrid (ESP)",21 Jun 2024
1:44.42,Mohamed Ali GOUANED,05 Jul 2002,ALG,"Stadion Śląski, Chorzów (POL)",18 May 2024
1:44.43,Gabriel TUAL,09 Apr 1998,FRA,"Stade Raymond Petit, Tomblaine (FRA)",25 May 2024
1:44.44,Tshepiso MASALELA,25 May 1999,BOT,"Olympiastadion, Stockholm (SWE)",02 Jun 2024
1:44.44,Ben PATTISON,15 Dec 2001,GBR,"Olympiastadion, Stockholm (SWE)",02 Jun 2024
1:44.44,Abraham ALVARADO,04 Aug 1995,USA,"Hayward Field, Eugene, OR (USA)",28 Jun 2024
1:44.46,Sam WHITMARSH,18 Oct 2002,USA,"LSU Bernie Moore Stadium, Baton Rouge, LA (USA)",30 Mar 2024
1:44.46,Elliot GILES,26 May 1994,GBR,"Stade Delort, Marseille (FRA)",22 May 2024
1:44.46,Pieter SISK,08 Dec 1999,BEL,"Boudewijnstadion, Bruxelles (BEL)",25 May 2024
1:44.46,Elliot GILES,26 May 1994,GBR,"Stade Raymond Petit, Tomblaine (FRA)",25 May 2024
1:44.47,Jonah KOECH,12 Dec 1996,USA,"Hayward Field, Eugene, OR (USA)",28 Jun 2024
1:42.80,Emmanuel WANYONYI,01 Aug 2004,KEN,"Hayward Field, Eugene, OR (USA)",17 Sep 2023
1:42.85,Marco AROP,20 Sep 1998,CAN,"Hayward Field, Eugene, OR (USA)",17 Sep 2023
1:43.06,Djamel SEDJATI,03 May 1999,ALG,"Hayward Field, Eugene, OR (USA)",17 Sep 2023
1:43.20,Emmanuel WANYONYI,01 Aug 2004,KEN,"Egret Stadium, Xiamen (CHN)",02 Sep 2023
1:43.22,Wyclife KINYAMAL,02 Jul 1997,KEN,"Stade Louis II, Monaco (MON)",21 Jul 2023
1:43.24,Marco AROP,20 Sep 1998,CAN,"Egret Stadium, Xiamen (CHN)",02 Sep 2023
1:43.27,Emmanuel WANYONYI,01 Aug 2004,KEN,"Stade Charléty, Paris (FRA)",09 Jun 2023
1:43.30,Marco AROP,20 Sep 1998,CAN,"Stade Charléty, Paris (FRA)",09 Jun 2023
1:43.32,Emmanuel WANYONYI,01 Aug 2004,KEN,"Moi International Sports Centre, Kasarani, Nairobi (KEN)",13 May 2023
1:43.38,Slimane MOULA,25 Feb 1999,ALG,"Stade Charléty, Paris (FRA)",09 Jun 2023
1:43.40,Djamel SEDJATI,03 May 1999,ALG,"Stade Charléty, Paris (FRA)",09 Jun 2023
1:43.40,Slimane MOULA,25 Feb 1999,ALG,"Stade Louis II, Monaco (MON)",21 Jul 2023
1:43.48,Benjamin ROBERT,04 Jan 1998,FRA,"Stade Charléty, Paris (FRA)",09 Jun 2023
1:43.51,Marco AROP,20 Sep 1998,CAN,"Stade Louis II, Monaco (MON)",21 Jul 2023
1:43.56,Wyclife KINYAMAL,02 Jul 1997,KEN,"Stade Charléty, Paris (FRA)",09 Jun 2023
1:43.60,Djamel SEDJATI,03 May 1999,ALG,"Boudewijnstadion, Bruxelles (BEL)",08 Sep 2023
1:43.66,Wyclife KINYAMAL,02 Jul 1997,KEN,"Moi International Sports Centre, Kasarani, Nairobi (KEN)",13 May 2023
1:43.83,Emmanuel WANYONYI,01 Aug 2004,KEN,"Nemzeti Atlétikai Központ, Budapest (HUN)",24 Aug 2023
1:43.85,Max BURGIN,20 May 2002,GBR,"Olympic Stadium, London (GBR)",23 Jul 2023
1:43.88,Djamel SEDJATI,03 May 1999,ALG,"Stade Louis II, Monaco (MON)",21 Jul 2023
1:43.88,Benjamin ROBERT,04 Jan 1998,FRA,"Egret Stadium, Xiamen (CHN)",02 Sep 2023
1:43.90,Azeddine HABZ,19 Jul 1993,FRA,"Stade Charléty, Paris (FRA)",09 Jun 2023
1:43.92,Adrián BEN,04 Aug 1998,ESP,"Nemzeti Atlétikai Központ, Budapest (HUN)",24 Aug 2023
1:43.93,Slimane MOULA,25 Feb 1999,ALG,"Nemzeti Atlétikai Központ, Budapest (HUN)",24 Aug 2023
1:43.94,Yanis MEZIANE,26 Jan 2002,FRA,"Boudewijnstadion, Bruxelles (BEL)",08 Sep 2023
1:43.94,Yanis MEZIANE,26 Jan 2002,FRA,"Hayward Field, Eugene, OR (USA)",17 Sep 2023
1:43.95,Daniel ROWDEN,09 Sep 1997,GBR,"Stade Louis II, Monaco (MON)",21 Jul 2023
1:43.95,Bryce HOPPEL,05 Sep 1997,USA,"Stade Louis II, Monaco (MON)",21 Jul 2023
1:43.99,Joseph DENG,07 Jul 1998,AUS,"Stade Raymond Troussier, Decines (FRA)",08 Jul 2023
1:44.02,Ben PATTISON,15 Dec 2001,GBR,"Olympic Stadium, London (GBR)",23 Jul 2023
1:44.02,Marco AROP,20 Sep 1998,CAN,"Nemzeti Atlétikai Központ, Budapest (HUN)",24 Aug 2023
1:44.03,Tshepiso MASALELA,25 May 1999,BOT,"Boudewijnstadion, Bruxelles (BEL)",08 Sep 2023
1:44.04,Bryce HOPPEL,05 Sep 1997,USA,"Nemzeti Atlétikai Központ, Budapest (HUN)",24 Aug 2023
1:44.04,Wyclife KINYAMAL,02 Jul 1997,KEN,"Egret Stadium, Xiamen (CHN)",02 Sep 2023
1:44.07,Kelvin Kimtai LOTI,05 Oct 1999,KEN,"Estadi Joan Serrahima, Barcelona (ESP)",05 Jul 2023
1:44.09,Emmanuel WANYONYI,01 Aug 2004,KEN,"Nyayo National Stadium, Nairobi (KEN)",08 Jul 2023
1:44.12,Daniel ROWDEN,09 Sep 1997,GBR,"Boudewijnstadion, Bruxelles (BEL)",08 Sep 2023
1:44.14,Tshepiso MASALELA,25 May 1999,BOT,"Nemzeti Atlétikai Központ, Budapest (HUN)",24 Aug 2023
1:44.21,Alex Ngeno KIPNGETICH,17 Aug 2000,KEN,"Nyayo National Stadium, Nairobi (KEN)",08 Jul 2023
1:44.21,Daniel ROWDEN,09 Sep 1997,GBR,"Hayward Field, Eugene, OR (USA)",17 Sep 2023
1:44.23,Ben PATTISON,15 Dec 2001,GBR,"Nemzeti Atlétikai Központ, Budapest (HUN)",24 Aug 2023
1:44.24,Marco AROP,20 Sep 1998,CAN,"Nemzeti Atlétikai Központ, Budapest (HUN)",26 Aug 2023
1:44.26,Will SUMNER,22 Oct 2003,USA,"Mike A. Myers Stadium, Austin, TX (USA)",09 Jun 2023
1:44.27,Djamel SEDJATI,03 May 1999,ALG,"Stade des Grands Pêchers, Montreuil (FRA)",31 May 2023
1:44.27,Daniel ROWDEN,09 Sep 1997,GBR,"Egret Stadium, Xiamen (CHN)",02 Sep 2023
1:44.28,Yanis MEZIANE,26 Jan 2002,FRA,"Egret Stadium, Xiamen (CHN)",02 Sep 2023
1:44.29,Peter BOL,22 Feb 1994,AUS,"Estadi Joan Serrahima, Barcelona (ESP)",05 Jul 2023
1:44.29,Daniel ROWDEN,09 Sep 1997,GBR,"Stadio G. Teghil, Lignano Sabbiadoro (ITA)",14 Jul 2023
1:44.30,Yanis MEZIANE,26 Jan 2002,FRA,"Stade Louis II, Monaco (MON)",21 Jul 2023
1:44.30,Mateusz BORKOWSKI,02 Apr 1997,POL,"Nemzeti Atlétikai Központ, Budapest (HUN)",24 Aug 2023
1:44.30,Yanis MEZIANE,26 Jan 2002,FRA,"Nemzeti Atlétikai Központ, Budapest (HUN)",24 Aug 2023
1:44.32,Ben PATTISON,15 Dec 2001,GBR,"Boudewijnstadion, Bruxelles (BEL)",08 Sep 2023
1:44.34,Simone BARONTINI,05 Jan 1999,ITA,"Nemzeti Atlétikai Központ, Budapest (HUN)",24 Aug 2023
1:44.35,Emmanuel WANYONYI,01 Aug 2004,KEN,"Stade Louis II, Monaco (MON)",21 Jul 2023
1:44.35,Mohamed ATTAOUI,26 Sep 2001,ESP,"Nemzeti Atlétikai Központ, Budapest (HUN)",24 Aug 2023
1:44.36,Emmanuel WANYONYI,01 Aug 2004,KEN,"Complexe Sportif Prince Moulay Abdellah, Rabat (MAR)",28 May 2023
1:44.37,Bryce HOPPEL,05 Sep 1997,USA,"Boudewijnstadion, Bruxelles (BEL)",08 Sep 2023
1:44.38,Benjamin ROBERT,04 Jan 1998,FRA,"Nemzeti Atlétikai Központ, Budapest (HUN)",24 Aug 2023
1:44.38,Wyclife KINYAMAL,02 Jul 1997,KEN,"Boudewijnstadion, Bruxelles (BEL)",08 Sep 2023
1:44.40,Benjamin ROBERT,04 Jan 1998,FRA,"Paavo Nurmen Stadion, Turku (FIN)",13 Jun 2023
1:44.46,Gabriel TUAL,09 Apr 1998,FRA,"Estadio Vallehermoso, Madrid (ESP)",22 Jul 2023
1:44.47,Mohamed Ali GOUANED,05 Jul 2002,ALG,"Stade d'Athlétisme Hautepierre, Strasbourg (FRA)",16 Jun 2023
1:44.48,Joseph DENG,07 Jul 1998,AUS,"Stade d'Athlétisme Hautepierre, Strasbourg (FRA)",16 Jun 2023
1:44.48,Peter BOL,22 Feb 1994,AUS,"Bregyó Athletic Center, Székesfehérvár (HUN)",18 Jul 2023
1:44.49,Djamel SEDJATI,03 May 1999,ALG,"Nemzeti Atlétikai Központ, Budapest (HUN)",24 Aug 2023
1:44.50,Simone BARONTINI,05 Jan 1999,ITA,"Stadio M.S. Cozzoli, Molfetta (ITA)",30 Jul 2023
1:44.52,Abdelati EL GUESSE,27 Feb 1993,MAR,"Stedelijke Atletiekpiste, Ninove (BEL)",22 Jul 2023
1:44.53,Tibo DE SMET,28 May 1999,BEL,"Stedelijke Atletiekpiste, Ninove (BEL)",22 Jul 2023
1:44.53,Emmanuel WANYONYI,01 Aug 2004,KEN,"Nemzeti Atlétikai Központ, Budapest (HUN)",26 Aug 2023
1:44.54,Saúl ORDÓÑEZ,10 Apr 1994,ESP,"Egret Stadium, Xiamen (CHN)",02 Sep 2023
1:44.55,Bryce HOPPEL,05 Sep 1997,USA,"Icahn Stadium, New York, NY (USA)",24 Jun 2023
1:44.55,Gabriel TUAL,09 Apr 1998,FRA,"Bregyó Athletic Center, Székesfehérvár (HUN)",18 Jul 2023
1:44.55,Abdelati EL GUESSE,27 Feb 1993,MAR,"Nemzeti Atlétikai Központ, Budapest (HUN)",24 Aug 2023
1:44.57,Andreas KRAMER,13 Apr 1997,SWE,"Nemzeti Atlétikai Központ, Budapest (HUN)",24 Aug 2023
1:44.59,Djamel SEDJATI,03 May 1999,ALG,"Olympiastadion, Stockholm (SWE)",02 Jul 2023
1:44.63,Bryce HOPPEL,05 Sep 1997,USA,"Hayward Field, Eugene, OR (USA)",17 Sep 2023
1:44.64,Marco AROP,20 Sep 1998,CAN,"McLeod Stadium, Langley (CAN)",29 Jul 2023
1:44.65,Edose IBADIN,27 Feb 1993,NGR,"Thomas O. Berg Track, Washington, DC (USA)",30 Jul 2023
1:44.65,Gabriel TUAL,09 Apr 1998,FRA,"Egret Stadium, Xiamen (CHN)",02 Sep 2023
1:44.67,Saúl ORDÓÑEZ,10 Apr 1994,ESP,"Olympiastadion, Stockholm (SWE)",02 Jul 2023
1:44.67,Mohamed ATTAOUI,26 Sep 2001,ESP,"Estadi Joan Serrahima, Barcelona (ESP)",05 Jul 2023
1:44.70,Jesus Tonatiu LOPEZ,02 Aug 1997,MEX,"Pistes d'atletisme Gaetà Huguet, Castellón (ESP)",14 Jun 2023
1:44.70,Cornelius TUWEI,24 May 1993,KEN,"Estadio Vallehermoso, Madrid (ESP)",22 Jul 2023
1:44.70,Navasky ANDERSON,21 Jan 2000,JAM,"Thomas O. Berg Track, Washington, DC (USA)",30 Jul 2023
1:44.71,Ferguson Cheruiyot ROTICH,30 Nov 1989,KEN,"Nyayo National Stadium, Nairobi (KEN)",08 Jul 2023
1:44.72,Adrián BEN,04 Aug 1998,ESP,"Estadio Vallehermoso, Madrid (ESP)",22 Jul 2023
1:44.73,Wyclife KINYAMAL,02 Jul 1997,KEN,"Complexe Sportif Prince Moulay Abdellah, Rabat (MAR)",28 May 2023
1:44.74,Tom DRADRIGA,17 Jun 1996,UGA,"Estadio Vallehermoso, Madrid (ESP)",22 Jul 2023
1:44.74,Saúl ORDÓÑEZ,10 Apr 1994,ESP,"Nemzeti Atlétikai Központ, Budapest (HUN)",24 Aug 2023
1:44.75,Clayton MURPHY,26 Feb 1995,USA,"Drake Stadium, Los Angeles, CA (USA)",27 May 2023
1:44.75,Alex BOTTERILL,18 Jan 2000,GBR,"Olympic Stadium, London (GBR)",23 Jul 2023
1:44.78,Yanis MEZIANE,26 Jan 2002,FRA,"Stade Charléty, Paris (FRA)",09 Jun 2023
1:44.78,Niels LAROS,17 Apr 2005,NED,"Stade Louis II, Monaco (MON)",21 Jul 2023
1:44.79,Adrián BEN,04 Aug 1998,ESP,"Estadi Joan Serrahima, Barcelona (ESP)",05 Jul 2023
1:44.79,Catalin TECUCEANU,09 Sep 1999,ITA,"Nemzeti Atlétikai Központ, Budapest (HUN)",24 Aug 2023
1:44.80,Tom DRADRIGA,17 Jun 1996,UGA,"Pistes d'atletisme Gaetà Huguet, Castellón (ESP)",14 Jun 2023
1:44.80,Guy LEARMONTH,20 Apr 1992,GBR,"Olympic Stadium, London (GBR)",23 Jul 2023
1:44.83,Gabriel TUAL,09 Apr 1998,FRA,"Nemzeti Atlétikai Központ, Budapest (HUN)",24 Aug 2023
1:44.83,Ben PATTISON,15 Dec 2001,GBR,"Nemzeti Atlétikai Központ, Budapest (HUN)",26 Aug 2023
1:44.84,Saúl ORDÓÑEZ,10 Apr 1994,ESP,"Boudewijnstadion, Bruxelles (BEL)",08 Sep 2023
1:43.26,Emmanuel Kipkurui KORIR,15 Jun 1995,KEN,"Letzigrund, Zürich (SUI)",08 Sep 2022
1:43.38,Marco AROP,20 Sep 1998,CAN,"Letzigrund, Zürich (SUI)",08 Sep 2022
1:43.52,Max BURGIN,20 May 2002,GBR,"Paavo Nurmen Stadion, Turku (FIN)",14 Jun 2022
1:43.54,Wyclife KINYAMAL,02 Jul 1997,KEN,"Moi International Sports Centre, Kasarani, Nairobi (KEN)",25 Jun 2022
1:43.61,Marco AROP,20 Sep 1998,CAN,"Foote Field, Edmonton (CAN)",03 Jul 2022
1:43.65,Jake WIGHTMAN,11 Jul 1994,GBR,"Boudewijnstadion, Bruxelles (BEL)",02 Sep 2022
1:43.69,Moad ZAHAFI,09 May 1998,MAR,"Percy Beard Track, Gainesville, FL (USA)",16 Apr 2022
1:43.69,Djamel SEDJATI,03 May 1999,ALG,"Stade d'Athlétisme Hautepierre, Strasbourg (FRA)",17 Jun 2022
1:43.71,Emmanuel Kipkurui KORIR,15 Jun 1995,KEN,"Hayward Field, Eugene, OR (USA)",23 Jul 2022
1:43.75,Benjamin ROBERT,04 Jan 1998,FRA,"Stade Charléty, Paris (FRA)",18 Jun 2022
1:44.00,Peter BOL,22 Feb 1994,AUS,"Stade Charléty, Paris (FRA)",18 Jun 2022
1:44.01,Emmanuel WANYONYI,01 Aug 2004,KEN,"Moi International Sports Centre, Kasarani, Nairobi (KEN)",25 Jun 2022
1:44.05,Djamel SEDJATI,03 May 1999,ALG,"Stade Raymond Troussier, Decines (FRA)",11 Jun 2022
1:44.05,Elias NGENY,04 May 1996,KEN,"Moi International Sports Centre, Kasarani, Nairobi (KEN)",25 Jun 2022
1:44.06,Yassine HETHAT,30 Aug 1991,ALG,"Stade d'Athlétisme Hautepierre, Strasbourg (FRA)",17 Jun 2022
1:44.10,Jake WIGHTMAN,11 Jul 1994,GBR,"Letzigrund, Zürich (SUI)",08 Sep 2022
1:44.12,Djamel SEDJATI,03 May 1999,ALG,"Boudewijnstadion, Bruxelles (BEL)",02 Sep 2022
1:44.12,Emmanuel Kipkurui KORIR,15 Jun 1995,KEN,"Boudewijnstadion, Bruxelles (BEL)",02 Sep 2022
1:44.14,Tony VAN DIEPEN,17 Apr 1996,NED,"Stade Charléty, Paris (FRA)",18 Jun 2022
1:44.14,Djamel SEDJATI,03 May 1999,ALG,"Hayward Field, Eugene, OR (USA)",23 Jul 2022
1:44.15,Emmanuel WANYONYI,01 Aug 2004,KEN,"Mestský Stadion, Ostrava (CZE)",31 May 2022
1:44.19,Slimane MOULA,25 Feb 1999,ALG,"Mestský Stadion, Ostrava (CZE)",31 May 2022
1:44.23,Gabriel TUAL,09 Apr 1998,FRA,"Stade Charléty, Paris (FRA)",18 Jun 2022
1:44.24,Tony VAN DIEPEN,17 Apr 1996,NED,"Paavo Nurmen Stadion, Turku (FIN)",14 Jun 2022
1:44.24,Eliott CRESTAN,22 Feb 1999,BEL,"Boudewijnstadion, Bruxelles (BEL)",02 Sep 2022
1:44.26,Peter BOL,22 Feb 1994,AUS,"Stadion De Veen, Heusden-Zolder (BEL)",02 Jul 2022
1:44.28,Marco AROP,20 Sep 1998,CAN,"Hayward Field, Eugene, OR (USA)",23 Jul 2022
1:44.30,Gabriel TUAL,09 Apr 1998,FRA,"Paavo Nurmen Stadion, Turku (FIN)",14 Jun 2022
1:44.31,Tony VAN DIEPEN,17 Apr 1996,NED,"Zdzisław Krzyszkowiak Stadium, Bydgoszcz (POL)",03 Jun 2022
1:44.31,Festus LAGAT,10 Oct 1996,KEN,"Moi International Sports Centre, Kasarani, Nairobi (KEN)",25 Jun 2022
1:44.36,Ermias GIRMA,20 Jan 2005,ETH,"Avlo Atletiekclub, Lokeren (BEL)",22 May 2022
1:44.39,Marco AROP,20 Sep 1998,CAN,"McLeod Stadium, Langley (CAN)",25 Jun 2022
1:44.42,Collins KIPRUTO,12 Apr 1994,KEN,"Wieslaw Maniak Municipal Athletic Stadium, Szczecin (POL)",24 Aug 2022
1:44.43,Yassine HETHAT,30 Aug 1991,ALG,"Stade Sesquieres, Toulouse (FRA)",26 May 2022
1:44.43,Mohamed Ali GOUANED,05 Jul 2002,ALG,"Stade Charléty, Paris (FRA)",18 Jun 2022
1:44.47,Wyclife KINYAMAL,02 Jul 1997,KEN,"Letzigrund, Zürich (SUI)",08 Sep 2022
1:44.48,Marco AROP,20 Sep 1998,CAN,"Boudewijnstadion, Bruxelles (BEL)",02 Sep 2022
1:44.49,Patryk DOBEK,13 Feb 1994,POL,"Stadion Śląski, Chorzów (POL)",05 Jun 2022
1:44.49,Moad ZAHAFI,09 May 1998,MAR,"Hayward Field, Eugene, OR (USA)",10 Jun 2022
1:44.49,Kyle LANGFORD,02 Feb 1996,GBR,"Stadio Quercia, Rovereto (ITA)",30 Aug 2022
1:44.49,Wyclife KINYAMAL,02 Jul 1997,KEN,"Boudewijnstadion, Bruxelles (BEL)",02 Sep 2022
1:44.52,Djamel SEDJATI,03 May 1999,ALG,"Stade Complexe Olympique, Oran (ALG)",03 Jul 2022
1:44.53,Benjamin ROBERT,04 Jan 1998,FRA,"Stadion Śląski, Chorzów (POL)",05 Jun 2022
1:44.54,Max BURGIN,20 May 2002,GBR,"Mestský Stadion, Ostrava (CZE)",31 May 2022
1:44.54,Pierre-Ambroise BOSSE,11 May 1992,FRA,"Stade Charléty, Paris (FRA)",18 Jun 2022
1:44.54,Max BURGIN,20 May 2002,GBR,"Manchester Regional Arena, Manchester (GBR)",26 Jun 2022
1:44.54,Emmanuel WANYONYI,01 Aug 2004,KEN,"Hayward Field, Eugene, OR (USA)",23 Jul 2022
1:44.56,Marco AROP,20 Sep 1998,CAN,"Hayward Field, Eugene, OR (USA)",20 Jul 2022
1:44.57,Moad ZAHAFI,09 May 1998,MAR,"Stadio Quercia, Rovereto (ITA)",30 Aug 2022
1:44.58,Collins KIPRUTO,12 Apr 1994,KEN,"Mestský Stadion, Ostrava (CZE)",31 May 2022
1:44.59,Tshepo TSHITE,15 Jan 1997,RSA,"Zdzisław Krzyszkowiak Stadium, Bydgoszcz (POL)",03 Jun 2022
1:44.59,Andreas KRAMER,13 Apr 1997,SWE,"Zdzisław Krzyszkowiak Stadium, Bydgoszcz (POL)",03 Jun 2022
1:44.59,Collins KIPRUTO,12 Apr 1994,KEN,"Stadion De Veen, Heusden-Zolder (BEL)",02 Jul 2022
1:44.60,Bryce HOPPEL,05 Sep 1997,USA,"Hayward Field, Eugene, OR (USA)",26 Jun 2022
1:44.60,Slimane MOULA,25 Feb 1999,ALG,"Olympiastadion, Stockholm (SWE)",30 Jun 2022
1:44.60,Ben PATTISON,15 Dec 2001,GBR,"Longford Stadium Trafford, Manchester (GBR)",23 Jul 2022
1:44.61,Kyle LANGFORD,02 Feb 1996,GBR,"TSV Stadion, Pfungstadt (GER)",18 Jun 2022
1:44.65,Moad ZAHAFI,09 May 1998,MAR,"John McDonnell Field, Fayetteville, AR (USA)",27 May 2022
1:44.66,Cornelius TUWEI,24 May 1993,KEN,"Moi International Sports Centre, Kasarani, Nairobi (KEN)",25 Jun 2022
1:44.67,Mohamed Ali GOUANED,05 Jul 2002,ALG,"Zdzisław Krzyszkowiak Stadium, Bydgoszcz (POL)",03 Jun 2022
1:44.67,Jesus Tonatiu LOPEZ,02 Aug 1997,MEX,"Hayward Field, Eugene, OR (USA)",20 Jul 2022
1:44.69,Joseph DENG,07 Jul 1998,AUS,"Stade Raymond Troussier, Decines (FRA)",11 Jun 2022
1:44.69,Collins KIPRUTO,12 Apr 1994,KEN,"Paavo Nurmen Stadion, Turku (FIN)",14 Jun 2022
1:44.72,Slimane MOULA,25 Feb 1999,ALG,Montgeron (FRA),15 May 2022
1:44.74,Jonah KOECH,12 Dec 1996,USA,"Hayward Field, Eugene, OR (USA)",26 Jun 2022
1:44.75,Andreas KRAMER,13 Apr 1997,SWE,"Paavo Nurmen Stadion, Turku (FIN)",14 Jun 2022
1:44.75,Andreas KRAMER,13 Apr 1997,SWE,"Stade Charléty, Paris (FRA)",18 Jun 2022
1:44.76,Mark ENGLISH,18 Mar 1993,IRL,"Hayward Field, Eugene, OR (USA)",20 Jul 2022
1:44.77,Bryce HOPPEL,05 Sep 1997,USA,"Letzigrund, Zürich (SUI)",08 Sep 2022
1:44.79,Mateusz BORKOWSKI,02 Apr 1997,POL,"Zdzisław Krzyszkowiak Stadium, Bydgoszcz (POL)",03 Jun 2022
1:44.79,Yassine HETHAT,30 Aug 1991,ALG,"Stade Complexe Olympique, Oran (ALG)",03 Jul 2022
1:44.80,Yassine HETHAT,30 Aug 1991,ALG,"Sportcomplex De Leidse Hout, Leiden (NED)",11 Jun 2022
1:44.81,Festus LAGAT,10 Oct 1996,KEN,"Jack Kemp Stadium, Los Angeles, CA (USA)",09 Jul 2022
1:44.82,Neil GOURLEY,07 Feb 1995,GBR,"TSV Stadion, Pfungstadt (GER)",18 Jun 2022
1:44.83,Catalin TECUCEANU,09 Sep 1999,ITA,"Hayward Field, Eugene, OR (USA)",20 Jul 2022
1:44.84,Nicholas Kiplangat KEBENEI,07 Jun 1995,KEN,"Moi International Sports Centre, Kasarani, Nairobi (KEN)",25 Jun 2022
1:44.85,Álvaro DE ARRIBA,02 Jun 1994,ESP,"Stadion Śląski, Chorzów (POL)",05 Jun 2022
1:44.85,Slimane MOULA,25 Feb 1999,ALG,"Hayward Field, Eugene, OR (USA)",23 Jul 2022
1:44.85,Mariano GARCÍA,25 Sep 1997,ESP,"Olympiastadion, München (GER)",21 Aug 2022
1:44.86,Mariano GARCÍA,25 Sep 1997,ESP,"Boudewijnstadion, Bruxelles (BEL)",02 Sep 2022
1:44.89,Noah KIBET,12 Apr 2004,KEN,"Mestský Stadion, Ostrava (CZE)",31 May 2022
1:44.89,Jonathan KITILIT,06 Jul 1995,KEN,"Moi International Sports Centre, Kasarani, Nairobi (KEN)",25 Jun 2022
1:44.89,Tibo DE SMET,28 May 1999,BEL,"Stadion De Veen, Heusden-Zolder (BEL)",02 Jul 2022
1:44.89,Slimane MOULA,25 Feb 1999,ALG,"Hayward Field, Eugene, OR (USA)",21 Jul 2022
1:44.90,Tolesa BODENA,18 Feb 2000,ETH,"Mestský Stadion, Ostrava (CZE)",31 May 2022
1:44.90,Slimane MOULA,25 Feb 1999,ALG,"Hayward Field, Eugene, OR (USA)",20 Jul 2022
1:44.90,Collins KIPRUTO,12 Apr 1994,KEN,"Stadio Quercia, Rovereto (ITA)",30 Aug 2022
1:44.91,Jake WIGHTMAN,11 Jul 1994,GBR,"Olympiastadion, München (GER)",21 Aug 2022
1:44.92,Nijel AMOS,15 Mar 1994,BOT,"Mestský Stadion, Ostrava (CZE)",31 May 2022
1:44.93,Adrián BEN,04 Aug 1998,ESP,"Stadion Śląski, Chorzów (POL)",05 Jun 2022
1:44.94,Andreas KRAMER,13 Apr 1997,SWE,"Letzigrund, Zürich (SUI)",08 Sep 2022
1:44.95,Jonah KOECH,12 Dec 1996,USA,"Billy J. Murphy Track and Field Complex, Memphis, TN (USA)",30 Jul 2022
1:44.96,Elhassane MOUJAHID,19 Jan 2000,MAR,Rabat (MAR),31 May 2022
1:44.96,Simone BARONTINI,05 Jan 1999,ITA,"Stadio Quercia, Rovereto (ITA)",30 Aug 2022
1:44.97,Alex AMANKWA,02 Mar 1992,GHA,"Prince George's Sports and Learning Complex, Landover, MD (USA)",09 Jun 2022
1:44.97,Catalin TECUCEANU,09 Sep 1999,ITA,"Stade Complexe Olympique, Oran (ALG)",03 Jul 2022
1:44.98,Ramzi ABDENOUZ,23 May 1993,ALG,"Stade Sesquieres, Toulouse (FRA)",26 May 2022
1:44.99,Abdessalem AYOUNI,16 May 1994,TUN,"Stade Complexe Olympique, Oran (ALG)",03 Jul 2022
1:45.01,Emmanuel WANYONYI,01 Aug 2004,KEN,"Moi International Sports Centre, Kasarani, Nairobi (KEN)",07 May 2022
1:45.02,Festus LAGAT,10 Oct 1996,KEN,"Icahn Stadium, New York, NY (USA)",20 May 2022
1:42.91,Nijel AMOS,15 Mar 1994,BOT,"Stade Louis II, Monaco (MON)",09 Jul 2021
1:43.04,Emmanuel Kipkurui KORIR,15 Jun 1995,KEN,"Stade Louis II, Monaco (MON)",09 Jul 2021
1:43.17,Clayton MURPHY,26 Feb 1995,USA,"Hayward Field, Eugene, OR (USA)",21 Jun 2021
1:43.26,Marco AROP,20 Sep 1998,CAN,"Stade Louis II, Monaco (MON)",09 Jul 2021
1:43.44,Jesus Tonatiu LOPEZ,02 Aug 1997,MEX,"Marietta HS, Marietta, GA (USA)",09 Jul 2021
1:43.57,Ferguson Cheruiyot ROTICH,30 Nov 1989,KEN,"Stade Louis II, Monaco (MON)",09 Jul 2021
1:43.63,Elliot GILES,26 May 1994,GBR,"Arena, Toruń (POL) (i)",17 Feb 2021
1:43.73,Patryk DOBEK,13 Feb 1994,POL,"Stadion Śląski, Chorzów (POL)",20 Jun 2021
1:43.75,Ferguson Cheruiyot ROTICH,30 Nov 1989,KEN,"National Stadium, Tokyo (JPN)",31 Jul 2021
1:43.76,Cornelius TUWEI,24 May 1993,KEN,"Stadion De Veen, Heusden-Zolder (BEL)",03 Jul 2021
1:43.76,Emmanuel WANYONYI,01 Aug 2004,KEN,"Moi International Sports Centre, Kasarani, Nairobi (KEN)",22 Aug 2021
1:43.81,Ferguson Cheruiyot ROTICH,30 Nov 1989,KEN,"Boudewijnstadion, Bruxelles (BEL)",03 Sep 2021
1:43.82,Oliver DUSTIN,29 Nov 2000,GBR,"Parc des Sports C. Ehrmann, Nice (FRA)",12 Jun 2021
1:43.84,Elias NGENY,04 May 1996,KEN,"Nyayo National Stadium, Nairobi (KEN)",29 May 2021
1:43.84,Ferguson Cheruiyot ROTICH,30 Nov 1989,KEN,"Olympiastadion, Stockholm (SWE)",04 Jul 2021
1:43.85,Isaiah JEWETT,06 Feb 1997,USA,"Hayward Field, Eugene, OR (USA)",21 Jun 2021
1:43.91,Wyclife KINYAMAL,02 Jul 1997,KEN,"Suhaim bin Hamad Stadium, Doha (QAT)",28 May 2021
1:43.94,Wyclife KINYAMAL,02 Jul 1997,KEN,"Stade Charléty, Paris (FRA)",28 Aug 2021
1:43.95,Collins KIPRUTO,12 Apr 1994,KEN,"Stade Delort, Marseille (FRA)",09 Jun 2021
1:44.00,Marco AROP,20 Sep 1998,CAN,"Olympiastadion, Stockholm (SWE)",04 Jul 2021
1:44.04,Ferguson Cheruiyot ROTICH,30 Nov 1989,KEN,"National Stadium, Tokyo (JPN)",01 Aug 2021
1:44.05,Elliot GILES,26 May 1994,GBR,"Olympiastadion, Stockholm (SWE)",04 Jul 2021
1:44.07,Elliot GILES,26 May 1994,GBR,"Stade Louis II, Monaco (MON)",09 Jul 2021
1:44.11,Peter BOL,22 Feb 1994,AUS,"National Stadium, Tokyo (JPN)",01 Aug 2021
1:44.13,Peter BOL,22 Feb 1994,AUS,"National Stadium, Tokyo (JPN)",31 Jul 2021
1:44.14,Max BURGIN,20 May 2002,GBR,"Mestský Stadion, Ostrava (CZE)",19 May 2021
1:44.14,Jamie WEBB,01 Jun 1994,GBR,"Stadion Śląski, Chorzów (POL)",20 Jun 2021
1:44.14,Bryce HOPPEL,05 Sep 1997,USA,"Hayward Field, Eugene, OR (USA)",21 Jun 2021
1:44.18,Adrián BEN,04 Aug 1998,ESP,"Olympiastadion, Stockholm (SWE)",04 Jul 2021
1:44.18,Clayton MURPHY,26 Feb 1995,USA,"National Stadium, Tokyo (JPN)",01 Aug 2021
1:44.20,Elliot GILES,26 May 1994,GBR,"Stadion Śląski, Chorzów (POL)",20 Jun 2021
1:44.21,Donavan BRAZIER,15 Apr 1997,USA,"Ocean Breeze Athl. Complex, New York, NY (USA) (i)",13 Feb 2021
1:44.25,Oussama NABIL,18 Feb 1996,MAR,"Complexe Sportif Prince Moulay Abdellah, Rabat (MAR)",27 Jun 2021
1:44.25,Yassine HETHAT,30 Aug 1991,ALG,Castellón (ESP),29 Jun 2021
1:44.28,Patryk DOBEK,13 Feb 1994,POL,"Stade Louis II, Monaco (MON)",09 Jul 2021
1:44.28,Gabriel TUAL,09 Apr 1998,FRA,"National Stadium, Tokyo (JPN)",01 Aug 2021
1:44.30,Adrián BEN,04 Aug 1998,ESP,"National Stadium, Tokyo (JPN)",01 Aug 2021
1:44.31,Marcin LEWANDOWSKI,13 Jun 1987,POL,"Stadion Śląski, Chorzów (POL)",20 Jun 2021
1:44.33,Collins KIPRUTO,12 Apr 1994,KEN,"Stadion De Veen, Heusden-Zolder (BEL)",03 Jul 2021
1:44.35,Charlie HUNTER,20 Jul 1996,AUS,"McKenzie Community Track, Vida, OR (USA)",22 Jun 2021
1:44.35,Daniel ROWDEN,09 Sep 1997,GBR,"National Stadium, Tokyo (JPN)",01 Aug 2021
1:44.37,Bryce HOPPEL,05 Sep 1997,USA,"Randal Tyson Indoor Center, Fayetteville, AR (USA) (i)",31 Jan 2021
1:44.40,Jesus Tonatiu LOPEZ,02 Aug 1997,MEX,"Charles Berkel Memorial Stadium, Leavenworth, KS (USA)",01 May 2021
1:44.41,Clayton MURPHY,26 Feb 1995,USA,"Stade Louis II, Monaco (MON)",09 Jul 2021
1:44.42,Cornelius TUWEI,24 May 1993,KEN,"Paavo Nurmen Stadion, Turku (FIN)",08 Jun 2021
1:44.44,Gabriel TUAL,09 Apr 1998,FRA,"Parc des Sports C. Ehrmann, Nice (FRA)",12 Jun 2021
1:44.45,Ferguson Cheruiyot ROTICH,30 Nov 1989,KEN,"Suhaim bin Hamad Stadium, Doha (QAT)",28 May 2021
1:44.45,Mohamed Ali GOUANED,05 Jul 2002,ALG,"Moi International Sports Centre, Kasarani, Nairobi (KEN)",22 Aug 2021
1:44.45,Ferguson Cheruiyot ROTICH,30 Nov 1989,KEN,"Stade Charléty, Paris (FRA)",28 Aug 2021
1:44.47,Festus LAGAT,10 Oct 1996,KEN,"Cougar Athletic Stadium, Azusa, CA (USA)",25 Jul 2021
1:44.49,Elliot GILES,26 May 1994,GBR,"National Stadium, Tokyo (JPN)",31 Jul 2021
1:44.50,Marco AROP,20 Sep 1998,CAN,"Stade Olympique de la Pontaise, Lausanne (SUI)",26 Aug 2021
1:44.51,Krzysztof RÓŻNICKI,29 Aug 2003,POL,"Stadion Śląski, Chorzów (POL)",20 Jun 2021
1:44.51,Isaiah HARRIS,18 Oct 1996,USA,"Olympiastadion, Stockholm (SWE)",04 Jul 2021
1:44.51,Marco AROP,20 Sep 1998,CAN,"Hayward Field, Eugene, OR (USA)",21 Aug 2021
1:44.53,Benjamin ROBERT,04 Jan 1998,FRA,"Stade Delort, Marseille (FRA)",09 Jun 2021
1:44.53,Amel TUKA,09 Jan 1991,BIH,"National Stadium, Tokyo (JPN)",01 Aug 2021
1:44.54,Jamie WEBB,01 Jun 1994,GBR,"Arena, Toruń (POL) (i)",17 Feb 2021
1:44.54,Michael SARUNI,18 Jun 1995,KEN,"National Stadium, Tokyo (JPN)",01 Aug 2021
1:44.56,Emmanuel Kipkurui KORIR,15 Jun 1995,KEN,"Letzigrund, Zürich (SUI)",09 Sep 2021
1:44.57,Collins KIPRUTO,12 Apr 1994,KEN,"Stadion Manfort, Leverkusen (GER)",27 Jun 2021
1:44.58,Isaiah HARRIS,18 Oct 1996,USA,"Hayward Field, Eugene, OR (USA)",21 Jun 2021
1:44.59,Ferguson Cheruiyot ROTICH,30 Nov 1989,KEN,"Paavo Nurmen Stadion, Turku (FIN)",08 Jun 2021
1:44.60,Daniel ROWDEN,09 Sep 1997,GBR,"Suhaim bin Hamad Stadium, Doha (QAT)",28 May 2021
1:44.60,Patryk DOBEK,13 Feb 1994,POL,"National Stadium, Tokyo (JPN)",01 Aug 2021
1:44.62,Peter BOL,22 Feb 1994,AUS,"Performance Centre, Gold Coast (AUS)",12 Jun 2021
1:44.62,Emmanuel Kipkurui KORIR,15 Jun 1995,KEN,"Stade Olympique de la Pontaise, Lausanne (SUI)",26 Aug 2021
1:44.63,Cornelius TUWEI,24 May 1993,KEN,"Nyayo National Stadium, Nairobi (KEN)",16 May 2021
1:44.63,Wyclife KINYAMAL,02 Jul 1997,KEN,"Stadion Śląski, Chorzów (POL)",05 Sep 2021
1:44.65,Teddese LEMI,20 Jan 1999,ETH,"Stadion Śląski, Chorzów (POL)",20 Jun 2021
1:44.68,Isaiah JEWETT,06 Feb 1997,USA,"Hayward Field, Eugene, OR (USA)",11 Jun 2021
1:44.68,Jonathan KITILIT,06 Jul 1995,KEN,"Olympiastadion, Stockholm (SWE)",04 Jul 2021
1:44.71,Mark ENGLISH,18 Mar 1993,IRL,Castellón (ESP),29 Jun 2021
1:44.71,Marc REUTHER,23 Jun 1996,GER,"Stade Jean Jacoby, Schifflange (LUX)",22 Aug 2021
1:44.72,Archie DAVIS,16 Oct 1998,GBR,"Olympiastadion, Stockholm (SWE)",04 Jul 2021
1:44.74,Emmanuel Kipkurui KORIR,15 Jun 1995,KEN,"National Stadium, Tokyo (JPN)",01 Aug 2021
1:44.74,Elliot GILES,26 May 1994,GBR,"National Stadium, Tokyo (JPN)",01 Aug 2021
1:44.74,Marco AROP,20 Sep 1998,CAN,"Stade Charléty, Paris (FRA)",28 Aug 2021
1:44.76,Marco AROP,20 Sep 1998,CAN,"Mike Sanders Track & Field Complex, Starkville, MS (USA)",30 Apr 2021
1:44.76,Amel TUKA,09 Jan 1991,BIH,"Suhaim bin Hamad Stadium, Doha (QAT)",28 May 2021
1:44.76,Patryk DOBEK,13 Feb 1994,POL,"Stade des Grands Pêchers, Montreuil (FRA)",01 Jun 2021
1:44.76,Isaiah HARRIS,18 Oct 1996,USA,"International Stadium, Gateshead (GBR)",13 Jul 2021
1:44.77,Jesus Tonatiu LOPEZ,02 Aug 1997,MEX,"National Stadium, Tokyo (JPN)",01 Aug 2021
1:44.78,Moad ZAHAFI,09 May 1998,MAR,"Stade Jean Jacoby, Schifflange (LUX)",22 Aug 2021
1:44.80,Hillary BIWOTT,02 Dec 2002,KEN,"Nyayo National Stadium, Nairobi (KEN)",29 May 2021
1:44.80,Collins KIPRUTO,12 Apr 1994,KEN,"Stade des Grands Pêchers, Montreuil (FRA)",01 Jun 2021
1:44.80,Patryk DOBEK,13 Feb 1994,POL,"Stade Delort, Marseille (FRA)",09 Jun 2021
1:44.80,Saúl ORDÓÑEZ,10 Apr 1994,ESP,Castellón (ESP),29 Jun 2021
1:44.82,Javier MIRON,13 Dec 1999,ESP,"Stade Delort, Marseille (FRA)",09 Jun 2021
1:44.84,Abdelati EL GUESSE,27 Feb 1993,MAR,"National Stadium, Tokyo (JPN)",31 Jul 2021
1:44.84,Eliott CRESTAN,22 Feb 1999,BEL,"National Stadium, Tokyo (JPN)",01 Aug 2021
1:44.84,Kacper LEWALSKI,07 May 2003,POL,"Stadion Śląski, Chorzów (POL)",05 Sep 2021
1:44.85,Mateusz BORKOWSKI,02 Apr 1997,POL,"Paavo Nurmen Stadion, Turku (FIN)",08 Jun 2021
1:44.85,Jeffrey RISELEY,11 Nov 1986,AUS,"Stadion Śląski, Chorzów (POL)",20 Jun 2021
1:44.85,Amel TUKA,09 Jan 1991,BIH,"Stade Louis II, Monaco (MON)",09 Jul 2021
1:44.88,Peter BOL,22 Feb 1994,AUS,"Performance Centre, Gold Coast (AUS)",05 Jun 2021
1:44.88,Noah KIBET,12 Apr 2004,KEN,"Moi International Sports Centre, Kasarani, Nairobi (KEN)",22 Aug 2021
1:44.88,Peter BOL,22 Feb 1994,AUS,"Stade Charléty, Paris (FRA)",28 Aug 2021
1:44.89,Peter BOL,22 Feb 1994,AUS,"Stade Raymond Petit, Tomblaine (FRA)",05 Jul 2021
1:44.89,Elliot GILES,26 May 1994,GBR,"Bregyó Athletic Center, Székesfehérvár (HUN)",06 Jul 2021
1:43.15,Donavan BRAZIER,15 Apr 1997,USA,"Stade Louis II, Monaco (MON)",14 Aug 2020
1:43.23,Bryce HOPPEL,05 Sep 1997,USA,"Stade Louis II, Monaco (MON)",14 Aug 2020
1:43.76,Donavan BRAZIER,15 Apr 1997,USA,"Olympiastadion, Stockholm (SWE)",23 Aug 2020
1:43.84,Donavan BRAZIER,15 Apr 1997,USA,"Newberg, OR (USA)",31 Jul 2020
1:44.09,Daniel ROWDEN,09 Sep 1997,GBR,"Sports Park Mladost, Zagreb (CRO)",15 Sep 2020
1:44.14,Marco AROP,20 Sep 1998,CAN,"Stade Louis II, Monaco (MON)",14 Aug 2020
1:44.16,Ferguson Cheruiyot ROTICH,30 Nov 1989,KEN,"Suhaim bin Hamad Stadium, Doha (QAT)",25 Sep 2020
1:44.18,Jake WIGHTMAN,11 Jul 1994,GBR,"Mestský Stadion, Ostrava (CZE)",08 Sep 2020
1:44.22,Donavan BRAZIER,15 Apr 1997,USA,"Armory Track&Field Center, New York, NY (USA) (i)",08 Feb 2020
1:44.34,Ferguson Cheruiyot ROTICH,30 Nov 1989,KEN,"Stade Delort, Marseille (FRA)",03 Sep 2020
1:44.47,Andreas KRAMER,13 Apr 1997,SWE,"Mestský Stadion, Ostrava (CZE)",08 Sep 2020
1:44.51,Amel TUKA,09 Jan 1991,BIH,"Mestský Stadion, Ostrava (CZE)",08 Sep 2020
1:44.56,Benjamin ROBERT,04 Jan 1998,FRA,"Stade Louis II, Monaco (MON)",14 Aug 2020
1:44.56,Elliot GILES,26 May 1994,GBR,"Suhaim bin Hamad Stadium, Doha (QAT)",25 Sep 2020
1:44.67,Marco AROP,20 Sep 1998,CAN,"Olympiastadion, Stockholm (SWE)",23 Aug 2020
1:44.68,Elliot GILES,26 May 1994,GBR,"Stade Delort, Marseille (FRA)",03 Sep 2020
1:44.74,Daniel ROWDEN,09 Sep 1997,GBR,"Slottsskogsvallen, Göteborg (SWE)",29 Aug 2020
1:44.75,Max BURGIN,20 May 2002,GBR,"Longford Stadium Trafford, Manchester (GBR)",11 Aug 2020
1:44.75,Elliot GILES,26 May 1994,GBR,"Sports Park Mladost, Zagreb (CRO)",15 Sep 2020
1:44.78,Ferguson Cheruiyot ROTICH,30 Nov 1989,KEN,"Nyayo National Stadium, Nairobi (KEN)",03 Oct 2020
1:44.81,Edose IBADIN,27 Feb 1993,NGR,"Alexandria, VA (USA)",01 Aug 2020
1:44.82,Tony VAN DIEPEN,17 Apr 1996,NED,"Mestský Stadion, Ostrava (CZE)",08 Sep 2020
1:44.82,Ferguson Cheruiyot ROTICH,30 Nov 1989,KEN,"Stadio Quercia, Rovereto (ITA)",08 Sep 2020
1:44.83,Kyle LANGFORD,02 Feb 1996,GBR,"Stade Louis II, Monaco (MON)",14 Aug 2020
1:44.85,Jake WIGHTMAN,11 Jul 1994,GBR,"Sports Park Mladost, Zagreb (CRO)",15 Sep 2020
1:44.93,Marc REUTHER,23 Jun 1996,GER,"Stade Louis II, Monaco (MON)",14 Aug 2020
1:44.95,Bryce HOPPEL,05 Sep 1997,USA,"Sports Park Mladost, Zagreb (CRO)",15 Sep 2020
1:44.96,Peter BOL,22 Feb 1994,AUS,"Stade Louis II, Monaco (MON)",14 Aug 2020
1:45.04,Andreas KRAMER,13 Apr 1997,SWE,"Olympiastadion, Stockholm (SWE)",23 Aug 2020
1:45.05,Andreas KRAMER,13 Apr 1997,SWE,"Sollentunavallen, Sollentuna (SWE)",10 Aug 2020
1:45.11,Ferguson Cheruiyot ROTICH,30 Nov 1989,KEN,"Olympiastadion, Stockholm (SWE)",23 Aug 2020
1:45.18,Elliot GILES,26 May 1994,GBR,"Zdzisław Krzyszkowiak Stadium, Bydgoszcz (POL)",19 Aug 2020
1:45.18,Wesley VÁZQUEZ,27 Mar 1994,PUR,"Mestský Stadion, Ostrava (CZE)",08 Sep 2020
1:45.21,Joseph DENG,07 Jul 1998,AUS,"Nyayo National Stadium, Nairobi (KEN)",03 Oct 2020
1:45.26,Collins KIPRUTO,12 Apr 1994,KEN,"Stadio Quercia, Rovereto (ITA)",08 Sep 2020
1:45.30,Ferguson Cheruiyot ROTICH,30 Nov 1989,KEN,"Stadion Śląski, Chorzów (POL)",06 Sep 2020
1:45.34,Ferguson Cheruiyot ROTICH,30 Nov 1989,KEN,"Stadion Śląski, Chorzów (POL)",25 Aug 2020
1:45.34,Andreas KRAMER,13 Apr 1997,SWE,"Slottsskogsvallen, Göteborg (SWE)",29 Aug 2020
1:45.36,Collins KIPRUTO,12 Apr 1994,KEN,"Sports Park Mladost, Zagreb (CRO)",15 Sep 2020
1:45.38,Peter BOL,22 Feb 1994,AUS,"AIS Athletics Track, Canberra (AUS)",29 Feb 2020
1:45.39,Marc REUTHER,23 Jun 1996,GER,"Hartwig-Gauder-Halle, Erfurt (GER) (i)",02 Feb 2020
1:45.39,Andreas KRAMER,13 Apr 1997,SWE,"Sports Park Mladost, Zagreb (CRO)",15 Sep 2020
1:45.40,Joseph DENG,07 Jul 1998,AUS,"AIS Athletics Track, Canberra (AUS)",29 Feb 2020
1:45.46,Elliot GILES,26 May 1994,GBR,"Sollentunavallen, Sollentuna (SWE)",10 Aug 2020
1:45.47,Wesley VÁZQUEZ,27 Mar 1994,PUR,"Stadion Śląski, Chorzów (POL)",06 Sep 2020
1:45.48,Ferguson Cheruiyot ROTICH,30 Nov 1989,KEN,"Stade Louis II, Monaco (MON)",14 Aug 2020
1:45.51,Elliot GILES,26 May 1994,GBR,"Mestský Stadion, Ostrava (CZE)",08 Sep 2020
1:45.52,Wyclife KINYAMAL,02 Jul 1997,KEN,"Nyayo National Stadium, Nairobi (KEN)",03 Oct 2020
1:45.53,Andreas KRAMER,13 Apr 1997,SWE,"Uppsala Friidrottsarena, Uppsala (SWE)",16 Aug 2020
1:45.53,Wyclife KINYAMAL,02 Jul 1997,KEN,"Mestský Stadion, Ostrava (CZE)",08 Sep 2020
1:45.54,Wesley VÁZQUEZ,27 Mar 1994,PUR,"Stadion Śląski, Chorzów (POL)",25 Aug 2020
1:45.55,Jake WIGHTMAN,11 Jul 1994,GBR,"Sollentunavallen, Sollentuna (SWE)",10 Aug 2020
1:45.55,Daniel ROWDEN,09 Sep 1997,GBR,"Sollentunavallen, Sollentuna (SWE)",10 Aug 2020
1:45.57,Guy LEARMONTH,20 Apr 1992,GBR,"Stadion Śląski, Chorzów (POL)",06 Sep 2020
1:45.60,Álvaro DE ARRIBA,02 Jun 1994,ESP,"Sports Park Mladost, Zagreb (CRO)",15 Sep 2020
1:45.64,Adam KSZCZOT,02 Sep 1989,POL,"Stadion Śląski, Chorzów (POL)",06 Sep 2020
1:45.66,Wesley VÁZQUEZ,27 Mar 1994,PUR,"Sports Park Mladost, Zagreb (CRO)",15 Sep 2020
1:45.68,Wyclife KINYAMAL,02 Jul 1997,KEN,"Suhaim bin Hamad Stadium, Doha (QAT)",25 Sep 2020
1:45.68,Cornelius TUWEI,24 May 1993,KEN,"Nyayo National Stadium, Nairobi (KEN)",03 Oct 2020
1:45.70,Bryce HOPPEL,05 Sep 1997,USA,"Armory Track&Field Center, New York, NY (USA) (i)",08 Feb 2020
1:45.71,Saúl ORDÓÑEZ,10 Apr 1994,ESP,"Stadion De Veen, Heusden-Zolder (BEL)",06 Sep 2020
1:45.71,Collins KIPRUTO,12 Apr 1994,KEN,"Nyayo National Stadium, Nairobi (KEN)",03 Oct 2020
1:45.74,Peter BOL,22 Feb 1994,AUS,"Suhaim bin Hamad Stadium, Doha (QAT)",25 Sep 2020
1:45.75,Marco AROP,20 Sep 1998,CAN,"Zdzisław Krzyszkowiak Stadium, Bydgoszcz (POL)",19 Aug 2020
1:45.77,Marcin LEWANDOWSKI,13 Jun 1987,POL,"Stadion Śląski, Chorzów (POL)",06 Sep 2020
1:45.79,Marcin LEWANDOWSKI,13 Jun 1987,POL,"Stadion Śląski, Chorzów (POL)",25 Aug 2020
1:45.85,Peter BOL,22 Feb 1994,AUS,"SOPAC, Sydney (AUS)",22 Feb 2020
1:45.86,Collins KIPRUTO,12 Apr 1994,KEN,"Arena, Toruń (POL) (i)",08 Feb 2020
1:45.86,Andreas KRAMER,13 Apr 1997,SWE,"Slottsskogsvallen, Göteborg (SWE)",25 Jul 2020
1:45.86,Joseph DENG,07 Jul 1998,AUS,"Zdzisław Krzyszkowiak Stadium, Bydgoszcz (POL)",19 Aug 2020
1:45.86,Bryce HOPPEL,05 Sep 1997,USA,"Suhaim bin Hamad Stadium, Doha (QAT)",25 Sep 2020
1:45.88,Wesley VÁZQUEZ,27 Mar 1994,PUR,"Olympiastadion, Stockholm (SWE)",23 Aug 2020
1:45.89,Joseph DENG,07 Jul 1998,AUS,"SOPAC, Sydney (AUS)",22 Feb 2020
1:45.92,Peter BOL,22 Feb 1994,AUS,"Zdzisław Krzyszkowiak Stadium, Bydgoszcz (POL)",19 Aug 2020
1:45.93,Collins KIPRUTO,12 Apr 1994,KEN,"Stadion De Veen, Heusden-Zolder (BEL)",06 Sep 2020
1:45.93,Álvaro DE ARRIBA,02 Jun 1994,ESP,"Stadion Śląski, Chorzów (POL)",06 Sep 2020
1:45.94,Daniel ROWDEN,09 Sep 1997,GBR,"Sportcity Regional Arena, Manchester (GBR)",05 Sep 2020
1:45.94,Peter BOL,22 Feb 1994,AUS,"Sports Park Mladost, Zagreb (CRO)",15 Sep 2020
1:45.96,Djoao LOBLES,14 Jan 2001,NED,"Stadion De Veen, Heusden-Zolder (BEL)",06 Sep 2020
1:45.97,Amel TUKA,09 Jan 1991,BIH,"Stade Louis II, Monaco (MON)",14 Aug 2020
1:46.00,Guy LEARMONTH,20 Apr 1992,GBR,"Mestský Stadion, Ostrava (CZE)",08 Sep 2020
1:46.01,Adam KSZCZOT,02 Sep 1989,POL,"Arena, Toruń (POL) (i)",08 Feb 2020
1:46.01,Isaiah HARRIS,18 Oct 1996,USA,"Armory Track&Field Center, New York, NY (USA) (i)",08 Feb 2020
1:46.02,Max BURGIN,20 May 2002,GBR,"Olympiastadion, Stockholm (SWE)",23 Aug 2020
1:46.05,Marcin LEWANDOWSKI,13 Jun 1987,POL,"Arena, Toruń (POL) (i)",08 Feb 2020
1:46.05,Adam KSZCZOT,02 Sep 1989,POL,"Stadion Śląski, Chorzów (POL)",25 Aug 2020
1:46.09,Collins KIPRUTO,12 Apr 1994,KEN,"Gallur, Madrid (ESP) (i)",21 Feb 2020
1:46.11,Jake WIGHTMAN,11 Jul 1994,GBR,"Stadion Śląski, Chorzów (POL)",25 Aug 2020
1:46.11,Joseph DENG,07 Jul 1998,AUS,"Sports Park Mladost, Zagreb (CRO)",15 Sep 2020
1:46.13,Marc REUTHER,23 Jun 1996,GER,"Leichtathletikhalle im Arena-Sportpark, Düsseldorf (GER) (i)",04 Feb 2020
1:46.13,Michael SARUNI,18 Jun 1995,KEN,"Lipscomb Academy, Nashville, TN (USA)",15 Aug 2020
1:46.16,Eliott CRESTAN,22 Feb 1999,BEL,"Stadion De Veen, Heusden-Zolder (BEL)",06 Sep 2020
1:46.18,Balázs VINDICS,28 Mar 1994,HUN,"Egyetemi Stadion, Veszprém (HUN)",02 Jul 2020
1:46.20,Balázs VINDICS,28 Mar 1994,HUN,"BOK Csarnok, Budapest (HUN) (i)",23 Feb 2020
1:46.20,Joseph DENG,07 Jul 1998,AUS,"Stade Louis II, Monaco (MON)",14 Aug 2020
1:46.23,Tshepo TSHITE,15 Jan 1997,RSA,"Bestmed Tuks Stadium, Pretoria (RSA)",13 Mar 2020
1:46.24,Piers COPELAND,26 Nov 1998,GBR,"Slottsskogsvallen, Göteborg (SWE)",29 Aug 2020
1:46.24,Filip SASÍNEK,08 Jan 1996,CZE,"Slottsskogsvallen, Göteborg (SWE)",29 Aug 2020
1:46.25,Peter BOL,22 Feb 1994,AUS,"Slottsskogsvallen, Göteborg (SWE)",29 Aug 2020
1:46.25,Guy LEARMONTH,20 Apr 1992,GBR,"Suhaim bin Hamad Stadium, Doha (QAT)",25 Sep 2020
1:41.89,Nijel AMOS,15 Mar 1994,BOT,"Stade Louis II, Monaco (MON)",12 Jul 2019
1:42.34,Donavan BRAZIER,15 Apr 1997,USA,"Khalifa International Stadium, Doha (QAT)",01 Oct 2019
1:42.54,Ferguson Cheruiyot ROTICH,30 Nov 1989,KEN,"Stade Louis II, Monaco (MON)",12 Jul 2019
1:42.70,Donavan BRAZIER,15 Apr 1997,USA,"Letzigrund, Zürich (SUI)",29 Aug 2019
1:42.98,Nijel AMOS,15 Mar 1994,BOT,"Letzigrund, Zürich (SUI)",29 Aug 2019
1:43.11,Timothy CHERUIYOT,20 Nov 1995,KEN,"Nyayo National Stadium, Nairobi (KEN)",22 Aug 2019
1:43.14,Ferguson Cheruiyot ROTICH,30 Nov 1989,KEN,"Olympic Stadium, London (GBR)",20 Jul 2019
1:43.47,Amel TUKA,09 Jan 1991,BIH,"Khalifa International Stadium, Doha (QAT)",01 Oct 2019
1:43.48,Wyclife KINYAMAL,02 Jul 1997,KEN,"Olympic Stadium, London (GBR)",20 Jul 2019
1:43.51,Brandon MCBRIDE,15 Jun 1994,CAN,"Letzigrund, Zürich (SUI)",29 Aug 2019
1:43.62,Amel TUKA,09 Jan 1991,BIH,"Stade Louis II, Monaco (MON)",12 Jul 2019
1:43.63,Donavan BRAZIER,15 Apr 1997,USA,"Stadio Olimpico, Roma (ITA)",06 Jun 2019
1:43.65,Nijel AMOS,15 Mar 1994,BOT,"Stadio Olimpico, Roma (ITA)",06 Jun 2019
1:43.69,Emmanuel Kipkurui KORIR,15 Jun 1995,KEN,"Letzigrund, Zürich (SUI)",29 Aug 2019
1:43.70,Michael SARUNI,18 Jun 1995,KEN,"Stade Louis II, Monaco (MON)",12 Jul 2019
1:43.74,Marcin LEWANDOWSKI,13 Jun 1987,POL,"Olympic Stadium, London (GBR)",20 Jul 2019
1:43.78,Wyclife KINYAMAL,02 Jul 1997,KEN,"Stade Olympique de la Pontaise, Lausanne (SUI)",05 Jul 2019
1:43.78,Brandon MCBRIDE,15 Jun 1994,CAN,"Stade Charléty, Paris (FRA)",24 Aug 2019
1:43.82,Ferguson Cheruiyot ROTICH,30 Nov 1989,KEN,"Khalifa International Stadium, Doha (QAT)",01 Oct 2019
1:43.83,Brandon MCBRIDE,15 Jun 1994,CAN,"Stade Louis II, Monaco (MON)",12 Jul 2019
1:43.83,Wesley VÁZQUEZ,27 Mar 1994,PUR,"Stade Charléty, Paris (FRA)",24 Aug 2019
1:43.90,Brandon MCBRIDE,15 Jun 1994,CAN,"Stadio Olimpico, Roma (ITA)",06 Jun 2019
1:43.90,Cornelius TUWEI,24 May 1993,KEN,"Olympic Stadium, London (GBR)",20 Jul 2019
1:43.93,Ferguson Cheruiyot ROTICH,30 Nov 1989,KEN,"Stade Olympique de la Pontaise, Lausanne (SUI)",05 Jul 2019
1:43.94,Clayton MURPHY,26 Feb 1995,USA,"Letzigrund, Zürich (SUI)",29 Aug 2019
1:43.96,Wesley VÁZQUEZ,27 Mar 1994,PUR,"Khalifa International Stadium, Doha (QAT)",29 Sep 2019
1:43.98,Michael SARUNI,18 Jun 1995,KEN,"New York, NY (USA) (i)",09 Feb 2019
1:43.99,Amel TUKA,09 Jan 1991,BIH,"Letzigrund, Zürich (SUI)",29 Aug 2019
1:44.01,Emmanuel Kipkurui KORIR,15 Jun 1995,KEN,"Stade Olympique de la Pontaise, Lausanne (SUI)",05 Jul 2019
1:44.11,Ferguson Cheruiyot ROTICH,30 Nov 1989,KEN,"Stadio Olimpico, Roma (ITA)",06 Jun 2019
1:44.14,Brandon MCBRIDE,15 Jun 1994,CAN,"Stade Olympique de la Pontaise, Lausanne (SUI)",05 Jul 2019
1:44.20,Ferguson Cheruiyot ROTICH,30 Nov 1989,KEN,"Khalifa International Stadium, Doha (QAT)",29 Sep 2019
1:44.25,Marco AROP,20 Sep 1998,CAN,Lima (PER),10 Aug 2019
1:44.25,Bryce HOPPEL,05 Sep 1997,USA,"Khalifa International Stadium, Doha (QAT)",01 Oct 2019
1:44.29,Nijel AMOS,15 Mar 1994,BOT,"Khalifa International Stadium, Doha (QAT)",03 May 2019
1:44.33,Abubaker Haydar ABDALLA,28 Aug 1996,QAT,Doha (QAT),22 Apr 2019
1:44.38,Nijel AMOS,15 Mar 1994,BOT,"Olympic Stadium, Nanjing (CHN)",21 May 2019
1:44.38,Ayanleh SOULEIMAN,03 Dec 1992,DJI,Barcelona (ESP),17 Jul 2019
1:44.40,Wesley VÁZQUEZ,27 Mar 1994,PUR,"Stade Louis II, Monaco (MON)",12 Jul 2019
1:44.41,Donavan BRAZIER,15 Apr 1997,USA,"New York, NY (USA) (i)",09 Feb 2019
1:44.41,Bryce HOPPEL,05 Sep 1997,USA,"Austin, TX (USA)",07 Jun 2019
1:44.41,Michael SARUNI,18 Jun 1995,KEN,"Stade Charléty, Paris (FRA)",24 Aug 2019
1:44.42,Wesley VÁZQUEZ,27 Mar 1994,PUR,"Olympic Stadium, London (GBR)",20 Jul 2019
1:44.42,Collins KIPRUTO,12 Apr 1994,KEN,Rovereto (ITA),27 Aug 2019
1:44.47,Clayton MURPHY,26 Feb 1995,USA,"Stade Olympique de la Pontaise, Lausanne (SUI)",05 Jul 2019
1:44.48,Bryce HOPPEL,05 Sep 1997,USA,"Azusa, CA (USA)",09 Jul 2019
1:44.48,Wesley VÁZQUEZ,27 Mar 1994,PUR,Lima (PER),10 Aug 2019
1:44.48,Clayton MURPHY,26 Feb 1995,USA,"Khalifa International Stadium, Doha (QAT)",29 Sep 2019
1:44.48,Wesley VÁZQUEZ,27 Mar 1994,PUR,"Khalifa International Stadium, Doha (QAT)",01 Oct 2019
1:44.50,Emmanuel Kipkurui KORIR,15 Jun 1995,KEN,"Khalifa International Stadium, Doha (QAT)",03 May 2019
1:44.50,Jonathan KITILIT,06 Jul 1995,KEN,"Nyayo National Stadium, Nairobi (KEN)",22 Aug 2019
1:44.50,Alfred KIPKETER,28 Dec 1996,KEN,"Estadio Vallehermoso, Madrid (ESP)",25 Aug 2019
1:44.52,Jamie WEBB,01 Jun 1994,GBR,"Olympic Stadium, London (GBR)",20 Jul 2019
1:44.57,Alex Ngeno KIPNGETICH,17 Aug 2000,KEN,"Nyayo National Stadium, Nairobi (KEN)",13 Sep 2019
1:44.59,Clayton MURPHY,26 Feb 1995,USA,"Stadio Olimpico, Roma (ITA)",06 Jun 2019
1:44.59,Collins KIPRUTO,12 Apr 1994,KEN,"Stade Charléty, Paris (FRA)",24 Aug 2019
1:44.60,Timothy CHERUIYOT,20 Nov 1995,KEN,"Moi International Sports Centre, Kasarani, Nairobi (KEN)",20 Jul 2019
1:44.61,Adam KSZCZOT,02 Sep 1989,POL,"Olympic Stadium, London (GBR)",20 Jul 2019
1:44.62,Emmanuel Kipkurui KORIR,15 Jun 1995,KEN,"Nyayo National Stadium, Nairobi (KEN)",13 Sep 2019
1:44.63,Brandon MCBRIDE,15 Jun 1994,CAN,Montréal (CAN),27 Jul 2019
1:44.63,Ferguson Cheruiyot ROTICH,30 Nov 1989,KEN,"Nyayo National Stadium, Nairobi (KEN)",13 Sep 2019
1:44.65,Wyclife KINYAMAL,02 Jul 1997,KEN,"Stadio Olimpico, Roma (ITA)",06 Jun 2019
1:44.68,Wesley VÁZQUEZ,27 Mar 1994,PUR,"Nashville, TN (USA)",31 May 2019
1:44.68,Craig ENGELS,01 May 1994,USA,"Azusa, CA (USA)",09 Jul 2019
1:44.69,Tshepo TSHITE,15 Jan 1997,RSA,Pretoria (RSA),16 Mar 2019
1:44.69,Adam KSZCZOT,02 Sep 1989,POL,"Stade Louis II, Monaco (MON)",12 Jul 2019
1:44.70,Donavan BRAZIER,15 Apr 1997,USA,"Khalifa International Stadium, Doha (QAT)",03 May 2019
1:44.74,Adam KSZCZOT,02 Sep 1989,POL,"Stadio Olimpico, Roma (ITA)",06 Jun 2019
1:44.74,Cornelius TUWEI,24 May 1993,KEN,Nairobi (KEN),22 Jun 2019
1:44.74,Cornelius TUWEI,24 May 1993,KEN,"Moi International Sports Centre, Kasarani, Nairobi (KEN)",03 Jul 2019
1:44.75,Emmanuel Kipkurui KORIR,15 Jun 1995,KEN,"Olympic Stadium, London (GBR)",20 Jul 2019
1:44.76,Devin DIXON,22 Sep 1997,USA,"Fayetteville, AR (USA)",11 May 2019
1:44.78,Amel TUKA,09 Jan 1991,BIH,"Sports Park Mladost, Zagreb (CRO)",03 Sep 2019
1:44.82,Ryan SÁNCHEZ,22 Sep 1998,PUR,Ponce (PUR),27 Apr 2019
1:44.82,Abubaker Haydar ABDALLA,28 Aug 1996,QAT,"Khalifa International Stadium, Doha (QAT)",03 May 2019
1:44.84,Devin DIXON,22 Sep 1997,USA,"Austin, TX (USA)",07 Jun 2019
1:44.87,Amel TUKA,09 Jan 1991,BIH,"Stade Olympique de la Pontaise, Lausanne (SUI)",05 Jul 2019
1:44.87,Donavan BRAZIER,15 Apr 1997,USA,"Khalifa International Stadium, Doha (QAT)",29 Sep 2019
1:44.91,Cornelius TUWEI,24 May 1993,KEN,"Olympic Stadium, Nanjing (CHN)",21 May 2019
1:44.93,Clayton MURPHY,26 Feb 1995,USA,"Stade Charléty, Paris (FRA)",24 Aug 2019
1:44.95,Amel TUKA,09 Jan 1991,BIH,"Mestský Stadion, Ostrava (CZE)",20 Jun 2019
1:44.96,Andrés ARROYO,07 Jun 1995,PUR,"Marietta, GA (USA)",17 May 2019
1:44.97,Jonathan KITILIT,06 Jul 1995,KEN,"Khalifa International Stadium, Doha (QAT)",03 May 2019
1:44.97,Kyle LANGFORD,02 Feb 1996,GBR,"Olympic Stadium, London (GBR)",20 Jul 2019
1:44.97,Adrián BEN,04 Aug 1998,ESP,"Khalifa International Stadium, Doha (QAT)",29 Sep 2019
1:45.00,Edwin Kiplagat MELLY,23 Apr 1994,KEN,Gliwice (POL),02 Jun 2019
1:45.03,Mostafa SMAILI,09 Jan 1997,MAR,Barcelona (ESP),17 Jul 2019
1:45.03,Jesus Tonatiu LOPEZ,02 Aug 1997,MEX,"Portland, OR (USA)",19 Jul 2019
1:45.03,Elliot GILES,26 May 1994,GBR,"Olympic Stadium, London (GBR)",20 Jul 2019
1:45.04,Brandon MCBRIDE,15 Jun 1994,CAN,"Nashville, TN (USA)",31 May 2019
1:45.05,Festus LAGAT,10 Oct 1996,KEN,"Austin, TX (USA)",07 Jun 2019
1:45.05,Alfred KIPKETER,28 Dec 1996,KEN,Heusden-Zolder (BEL),20 Jul 2019
1:45.07,Pierre-Ambroise BOSSE,11 May 1992,FRA,"Stade Charléty, Paris (FRA)",24 Aug 2019
1:45.07,Marco AROP,20 Sep 1998,CAN,"Khalifa International Stadium, Doha (QAT)",29 Sep 2019
1:45.08,Jake WIGHTMAN,11 Jul 1994,GBR,"Stade Louis II, Monaco (MON)",12 Jul 2019
1:45.09,Jonathan KITILIT,06 Jul 1995,KEN,"Moi International Sports Centre, Kasarani, Nairobi (KEN)",03 Jul 2019
1:45.09,Marcin LEWANDOWSKI,13 Jun 1987,POL,"Wieslaw Maniak Municipal Athletic Stadium, Szczecin (POL)",15 Aug 2019
1:45.10,Andreas KRAMER,13 Apr 1997,SWE,"Olympic Stadium, London (GBR)",20 Jul 2019
1:45.14,Adam KSZCZOT,02 Sep 1989,POL,"Zdzisław Krzyszkowiak Stadium, Bydgoszcz (POL)",12 Jun 2019
1:45.14,Alfred KIPKETER,28 Dec 1996,KEN,"Stade Raymond Petit, Tomblaine (FRA)",22 Jun 2019
1:42.05,Emmanuel Kipkurui KORIR,15 Jun 1995,KEN,"Olympic Stadium, London (GBR)",22 Jul 2018
1:42.14,Nijel AMOS,15 Mar 1994,BOT,"Stade Louis II, Monaco (MON)",20 Jul 2018
1:42.79,Emmanuel Kipkurui KORIR,15 Jun 1995,KEN,"Alexander Stadium, Birmingham (GBR)",18 Aug 2018
1:43.12,Clayton MURPHY,26 Feb 1995,USA,"Olympic Stadium, London (GBR)",22 Jul 2018
1:43.12,Wyclife KINYAMAL,02 Jul 1997,KEN,"Olympic Stadium, London (GBR)",22 Jul 2018
1:43.20,Brandon MCBRIDE,15 Jun 1994,CAN,"Stade Louis II, Monaco (MON)",20 Jul 2018
1:43.25,Michael SARUNI,18 Jun 1995,KEN,"Tucson, AZ (USA)",28 Apr 2018
1:43.29,Nijel AMOS,15 Mar 1994,BOT,"Olympic Stadium, London (GBR)",22 Jul 2018
1:43.46,Jonathan KITILIT,06 Jul 1995,KEN,Nairobi (KEN),23 Jun 2018
1:43.53,Jonathan KITILIT,06 Jul 1995,KEN,"Alexander Stadium, Birmingham (GBR)",18 Aug 2018
1:43.65,Saúl ORDÓÑEZ,10 Apr 1994,ESP,"Stade Louis II, Monaco (MON)",20 Jul 2018
1:43.73,Ferguson Cheruiyot ROTICH,30 Nov 1989,KEN,"Stade Charléty, Paris (FRA)",30 Jun 2018
1:43.77,Jonathan KITILIT,06 Jul 1995,KEN,"FBK Stadium, Hengelo (NED)",03 Jun 2018
1:43.82,Cornelius TUWEI,24 May 1993,KEN,"Stade Louis II, Monaco (MON)",20 Jul 2018
1:43.83,Jonathan KITILIT,06 Jul 1995,KEN,"Stade Charléty, Paris (FRA)",30 Jun 2018
1:43.91,Wyclife KINYAMAL,02 Jul 1997,KEN,"Shanghai Stadium, Shanghai (CHN)",12 May 2018
1:43.91,Jonathan KITILIT,06 Jul 1995,KEN,"Stade Louis II, Monaco (MON)",20 Jul 2018
1:43.95,Jonathan KITILIT,06 Jul 1995,KEN,"Shanghai Stadium, Shanghai (CHN)",12 May 2018
1:44.08,Ferguson Cheruiyot ROTICH,30 Nov 1989,KEN,"Bregyó Athletic Center, Székesfehérvár (HUN)",02 Jul 2018
1:44.08,Nijel AMOS,15 Mar 1994,BOT,"Sports Park Mladost, Zagreb (CRO)",04 Sep 2018
1:44.15,Elijah Motonei MANANGOI,05 Jan 1993,KEN,"Alexander Stadium, Birmingham (GBR)",18 Aug 2018
1:44.18,Nijel AMOS,15 Mar 1994,BOT,"Bregyó Athletic Center, Székesfehérvár (HUN)",02 Jul 2018
1:44.20,Pierre-Ambroise BOSSE,11 May 1992,FRA,"Stade Louis II, Monaco (MON)",20 Jul 2018
1:44.21,Emmanuel Kipkurui KORIR,15 Jun 1995,KEN,"New York, NY (USA) (i)",03 Feb 2018
1:44.21,Joseph DENG,07 Jul 1998,AUS,"Stade Louis II, Monaco (MON)",20 Jul 2018
1:44.26,Ferguson Cheruiyot ROTICH,30 Nov 1989,KEN,Nairobi (KEN),23 Jun 2018
1:44.28,Alfred KIPKETER,28 Dec 1996,KEN,"Stade Raymond Petit, Tomblaine (FRA)",27 Jun 2018
1:44.32,Marcin LEWANDOWSKI,13 Jun 1987,POL,"Stade Louis II, Monaco (MON)",20 Jul 2018
1:44.36,Saúl ORDÓÑEZ,10 Apr 1994,ESP,"Stade Charléty, Paris (FRA)",30 Jun 2018
1:44.38,Jonathan KITILIT,06 Jul 1995,KEN,Bellinzona (SUI),18 Jul 2018
1:44.42,Isaiah HARRIS,18 Oct 1996,USA,"Stade Charléty, Paris (FRA)",30 Jun 2018
1:44.43,Marcin LEWANDOWSKI,13 Jun 1987,POL,"Sports Park Mladost, Zagreb (CRO)",04 Sep 2018
1:44.44,Saúl ORDÓÑEZ,10 Apr 1994,ESP,Huelva (ESP),08 Jun 2018
1:44.44,Ferguson Cheruiyot ROTICH,30 Nov 1989,KEN,"Alexander Stadium, Birmingham (GBR)",18 Aug 2018
1:44.50,Jonathan KITILIT,06 Jul 1995,KEN,"Sports Park Mladost, Zagreb (CRO)",04 Sep 2018
1:44.56,Peter BOL,22 Feb 1994,AUS,"Olympiastadion, Stockholm (SWE)",10 Jun 2018
1:44.59,Adam KSZCZOT,02 Sep 1989,POL,"Olympiastadion, Berlin (GER)",11 Aug 2018
1:44.61,Joseph DENG,07 Jul 1998,AUS,"Olympiastadion, Stockholm (SWE)",10 Jun 2018
1:44.61,Jake WIGHTMAN,11 Jul 1994,GBR,"Olympic Stadium, London (GBR)",22 Jul 2018
1:44.62,Alfred KIPKETER,28 Dec 1996,KEN,"Stade Charléty, Paris (FRA)",30 Jun 2018
1:44.64,Jonathan KITILIT,06 Jul 1995,KEN,Nairobi (KEN),17 Feb 2018
1:44.64,Alfred KIPKETER,28 Dec 1996,KEN,"Bregyó Athletic Center, Székesfehérvár (HUN)",02 Jul 2018
1:44.65,Nijel AMOS,15 Mar 1994,BOT,"Palo Alto, CA (USA)",31 Mar 2018
1:44.65,Wyclife KINYAMAL,02 Jul 1997,KEN,"Stadio Olimpico, Roma (ITA)",31 May 2018
1:44.66,Cornelius TUWEI,24 May 1993,KEN,"Sports Park Mladost, Zagreb (CRO)",04 Sep 2018
1:44.67,Joseph DENG,07 Jul 1998,AUS,"Stade Charléty, Paris (FRA)",30 Jun 2018
1:44.69,Clayton MURPHY,26 Feb 1995,USA,"Bregyó Athletic Center, Székesfehérvár (HUN)",02 Jul 2018
1:44.72,Wyclife KINYAMAL,02 Jul 1997,KEN,Nairobi (KEN),17 Feb 2018
1:44.72,Adam KSZCZOT,02 Sep 1989,POL,"Olympic Stadium, London (GBR)",22 Jul 2018
1:44.72,Emmanuel Kipkurui KORIR,15 Jun 1995,KEN,"Boudewijnstadion, Bruxelles (BEL)",31 Aug 2018
1:44.73,Jackson Mumbwa KIVUVA,11 Aug 1989,KEN,Nairobi (KEN),23 Jun 2018
1:44.73,Guy LEARMONTH,20 Apr 1992,GBR,"Olympic Stadium, London (GBR)",22 Jul 2018
1:44.74,Ferguson Cheruiyot ROTICH,30 Nov 1989,KEN,"Stadio Olimpico, Roma (ITA)",31 May 2018
1:44.75,Marcin LEWANDOWSKI,13 Jun 1987,POL,"Alexander Stadium, Birmingham (GBR)",18 Aug 2018
1:44.76,Isaiah HARRIS,18 Oct 1996,USA,"Eugene, OR (USA)",08 Jun 2018
1:44.78,Jonathan KITILIT,06 Jul 1995,KEN,"Stadio Olimpico, Roma (ITA)",31 May 2018
1:44.90,Mostafa SMAILI,09 Jan 1997,MAR,"Sports Park Mladost, Zagreb (CRO)",04 Sep 2018
1:44.91,Cornelius TUWEI,24 May 1993,KEN,Nairobi (KEN),17 Feb 2018
1:44.97,Joseph DENG,07 Jul 1998,AUS,"FBK Stadium, Hengelo (NED)",03 Jun 2018
1:44.97,Daniel ROWDEN,09 Sep 1997,GBR,"Olympic Stadium, London (GBR)",22 Jul 2018
1:44.97,Adam KSZCZOT,02 Sep 1989,POL,"Alexander Stadium, Birmingham (GBR)",18 Aug 2018
1:44.99,Brandon MCBRIDE,15 Jun 1994,CAN,"Stadio Olimpico, Roma (ITA)",31 May 2018
1:44.99,Álvaro DE ARRIBA,02 Jun 1994,ESP,Huelva (ESP),08 Jun 2018
1:44.99,Marcin LEWANDOWSKI,13 Jun 1987,POL,"Stadion Śląski, Chorzów (POL)",22 Aug 2018
1:45.00,Jake WIGHTMAN,11 Jul 1994,GBR,"Alexander Stadium, Birmingham (GBR)",18 Aug 2018
1:45.03,Andreas KRAMER,13 Apr 1997,SWE,Karlstad (SWE),25 Jul 2018
1:45.03,Andreas KRAMER,13 Apr 1997,SWE,"Olympiastadion, Berlin (GER)",11 Aug 2018
1:45.04,Jesus Tonatiu LOPEZ,02 Aug 1997,MEX,Mt. Pleasant (USA),14 Jul 2018
1:45.04,Elliot GILES,26 May 1994,GBR,"Olympic Stadium, London (GBR)",22 Jul 2018
1:45.07,Erik SOWINSKI,21 Dec 1989,USA,"FBK Stadium, Hengelo (NED)",03 Jun 2018
1:45.09,Andrew OSAGIE,19 Feb 1988,GBR,"FBK Stadium, Hengelo (NED)",03 Jun 2018
1:45.10,Donavan BRAZIER,15 Apr 1997,USA,"Albuquerque, NM (USA) (i)",18 Feb 2018
1:45.10,Thiago ANDRÉ,04 Aug 1995,BRA,"FBK Stadium, Hengelo (NED)",03 Jun 2018
1:45.11,Donavan BRAZIER,15 Apr 1997,USA,"Reggie Lewis Center, Boston, MA (USA) (i)",10 Feb 2018
1:45.11,Wyclife KINYAMAL,02 Jul 1997,KEN,Gold Coast (AUS),12 Apr 2018
1:45.12,Nijel AMOS,15 Mar 1994,BOT,Gold Coast (AUS),10 Apr 2018
1:45.14,Antoine GAKEME,24 Dec 1991,BDI,Guadalajara (ESP),06 Jul 2018
1:45.15,Michael SARUNI,18 Jun 1995,KEN,"College Station, TX (USA) (i)",10 Mar 2018
1:45.15,Rynhardt VAN RENSBURG,23 Mar 1992,RSA,"FBK Stadium, Hengelo (NED)",03 Jun 2018
1:45.16,Kyle LANGFORD,02 Feb 1996,GBR,Gold Coast (AUS),12 Apr 2018
1:45.16,Emmanuel Kipkurui KORIR,15 Jun 1995,KEN,"Hayward Field, Eugene, OR (USA)",25 May 2018
1:45.18,Brandon MCBRIDE,15 Jun 1994,CAN,"Cambridge, MA (USA)",19 May 2018
1:45.19,Michael SARUNI,18 Jun 1995,KEN,"Lubbock, TX (USA) (i)",27 Jan 2018
1:45.19,Pierre-Ambroise BOSSE,11 May 1992,FRA,"Stade Charléty, Paris (FRA)",30 Jun 2018
1:45.20,Nicholas Kiplangat KIPKOECH,22 Oct 1992,KEN,"Stade Raymond Petit, Tomblaine (FRA)",27 Jun 2018
1:45.21,Emmanuel Kipkurui KORIR,15 Jun 1995,KEN,"Suhaim bin Hamad Stadium, Doha (QAT)",04 May 2018
1:45.21,Marcin LEWANDOWSKI,13 Jun 1987,POL,"Boudewijnstadion, Bruxelles (BEL)",31 Aug 2018
1:45.22,Boaz KIPRUGUT,18 May 1998,KEN,Nairobi (KEN),23 Jun 2018
1:45.25,Marco AROP,20 Sep 1998,CAN,"Eugene, OR (USA)",08 Jun 2018
1:45.25,Andrew OSAGIE,19 Feb 1988,GBR,"Olympic Stadium, London (GBR)",22 Jul 2018
1:45.27,Andreas KRAMER,13 Apr 1997,SWE,Göteborg (SWE),18 Aug 2018
1:45.28,Cornelius TUWEI,24 May 1993,KEN,Nairobi (KEN),23 Jun 2018
1:45.28,Ferguson Cheruiyot ROTICH,30 Nov 1989,KEN,"Boudewijnstadion, Bruxelles (BEL)",31 Aug 2018
1:45.30,Pierre-Ambroise BOSSE,11 May 1992,FRA,"Olympiastadion, Berlin (GER)",11 Aug 2018
1:45.31,Isaiah HARRIS,18 Oct 1996,USA,"Bloomington, IN (USA)",13 May 2018
1:45.31,Michael SARUNI,18 Jun 1995,KEN,"Eugene, OR (USA)",08 Jun 2018
1:45.32,Michał ROZMYS,13 Mar 1995,POL,"Olympiastadion, Berlin (GER)",11 Aug 2018
1:45.34,Cornelius TUWEI,24 May 1993,KEN,"Stade Raymond Petit, Tomblaine (FRA)",27 Jun 2018
1:45.34,Erik SOWINSKI,21 Dec 1989,USA,"Stade Charléty, Paris (FRA)",30 Jun 2018
1:45.34,Andreas KRAMER,13 Apr 1997,SWE,"Bregyó Athletic Center, Székesfehérvár (HUN)",02 Jul 2018
1:43.10,Emmanuel Kipkurui KORIR,15 Jun 1995,KEN,"Stade Louis II, Monaco (MON)",21 Jul 2017
1:43.18,Nijel AMOS,15 Mar 1994,BOT,"Olympic Stadium, London (GBR)",09 Jul 2017
1:43.60,Clayton MURPHY,26 Feb 1995,USA,"Torrance, CA (USA)",15 Apr 2017
1:43.73,Emmanuel Kipkurui KORIR,15 Jun 1995,KEN,"Berkeley, CA (USA)",29 Apr 2017
1:43.86,Emmanuel Kipkurui KORIR,15 Jun 1995,KEN,Nairobi (KEN),24 Jun 2017
1:43.91,Nijel AMOS,15 Mar 1994,BOT,"Complexe Sportif Prince Moulay Abdellah, Rabat (MAR)",16 Jul 2017
1:43.94,Wyclife KINYAMAL,02 Jul 1997,KEN,Rovereto (ITA),29 Aug 2017
1:43.95,Donavan BRAZIER,15 Apr 1997,USA,"Olympic Stadium, London (GBR)",09 Jul 2017
1:44.04,Kipyegon BETT,01 Feb 1998,KEN,Nairobi (KEN),24 Jun 2017
1:44.14,Donavan BRAZIER,15 Apr 1997,USA,"Sacramento, CA (USA)",25 Jun 2017
1:44.24,Nijel AMOS,15 Mar 1994,BOT,"Stade Charléty, Paris (FRA)",01 Jul 2017
1:44.28,Kipyegon BETT,01 Feb 1998,KEN,"Complexe Sportif Prince Moulay Abdellah, Rabat (MAR)",16 Jul 2017
1:44.36,Kipyegon BETT,01 Feb 1998,KEN,"Stade Charléty, Paris (FRA)",01 Jul 2017
1:44.37,Ferguson Cheruiyot ROTICH,30 Nov 1989,KEN,"Stade Charléty, Paris (FRA)",01 Jul 2017
1:44.41,Brandon MCBRIDE,15 Jun 1994,CAN,"Stade Louis II, Monaco (MON)",21 Jul 2017
1:44.43,Asbel KIPROP,30 Jun 1989,KEN,"Olympic Stadium, London (GBR)",09 Jul 2017
1:44.44,Antoine GAKEME,24 Dec 1991,BDI,"Moratalaz, Madrid (ESP)",14 Jul 2017
1:44.49,Antoine GAKEME,24 Dec 1991,BDI,Rovereto (ITA),29 Aug 2017
1:44.50,Nijel AMOS,15 Mar 1994,BOT,"Alexander Stadium, Birmingham (GBR)",20 Aug 2017
1:44.53,Isaiah HARRIS,18 Oct 1996,USA,"Sacramento, CA (USA)",25 Jun 2017
1:44.53,Nijel AMOS,15 Mar 1994,BOT,"Boudewijnstadion, Bruxelles (BEL)",01 Sep 2017
1:44.54,Antoine GAKEME,24 Dec 1991,BDI,"Stade Louis II, Monaco (MON)",21 Jul 2017
1:44.61,Michael SARUNI,18 Jun 1995,KEN,Nairobi (KEN),24 Jun 2017
1:44.62,Donavan BRAZIER,15 Apr 1997,USA,"Complexe Sportif Prince Moulay Abdellah, Rabat (MAR)",16 Jul 2017
1:44.62,Amel TUKA,09 Jan 1991,BIH,Rovereto (ITA),29 Aug 2017
1:44.63,Donavan BRAZIER,15 Apr 1997,USA,"Tempe, AZ (USA)",08 Apr 2017
1:44.63,Drew WINDLE,22 Jul 1992,USA,"New York, NY (USA)",06 Jul 2017
1:44.66,Erik SOWINSKI,21 Dec 1989,USA,"New York, NY (USA)",06 Jul 2017
1:44.67,Pierre-Ambroise BOSSE,11 May 1992,FRA,"Olympic Stadium, London (GBR)",08 Aug 2017
1:44.70,Kipyegon BETT,01 Feb 1998,KEN,"Shanghai Stadium, Shanghai (CHN)",13 May 2017
1:44.72,Pierre-Ambroise BOSSE,11 May 1992,FRA,"Stade Louis II, Monaco (MON)",21 Jul 2017
1:44.72,Drew WINDLE,22 Jul 1992,USA,"Stade Louis II, Monaco (MON)",21 Jul 2017
1:44.77,Edward Kibet KEMBOI,09 Dec 1993,KEN,"New York, NY (USA)",06 Jul 2017
1:44.77,Marcin LEWANDOWSKI,13 Jun 1987,POL,"Boudewijnstadion, Bruxelles (BEL)",01 Sep 2017
1:44.80,Alex AMANKWA,02 Mar 1992,GHA,"Marietta, GA (USA)",19 May 2017
1:44.81,Thiago ANDRÉ,04 Aug 1995,BRA,Sao Bernardo do Campo (BRA),11 Jun 2017
1:44.82,Erik SOWINSKI,21 Dec 1989,USA,"Olympic Stadium, London (GBR)",09 Jul 2017
1:44.84,Adam KSZCZOT,02 Sep 1989,POL,"Boudewijnstadion, Bruxelles (BEL)",01 Sep 2017
1:44.86,Willy Kiplimo TARBEI,30 May 1998,KEN,Kingston (JAM),10 Jun 2017
1:44.86,Ferguson Cheruiyot ROTICH,30 Nov 1989,KEN,Nairobi (KEN),24 Jun 2017
1:44.90,Davis CHERUIYOT,,KEN,Nairobi (KEN),16 May 2017
1:44.90,David RUDISHA,17 Dec 1988,KEN,Kingston (JAM),10 Jun 2017
1:44.90,David RUDISHA,17 Dec 1988,KEN,"Bregyó Athletic Center, Székesfehérvár (HUN)",04 Jul 2017
1:44.92,Hamada MOHAMED,22 Oct 1992,EGY,"Moratalaz, Madrid (ESP)",14 Jul 2017
1:44.94,Amel TUKA,09 Jan 1991,BIH,"Stade Louis II, Monaco (MON)",21 Jul 2017
1:44.95,Drew WINDLE,22 Jul 1992,USA,"Sacramento, CA (USA)",25 Jun 2017
1:44.95,Adam KSZCZOT,02 Sep 1989,POL,"Olympic Stadium, London (GBR)",08 Aug 2017
1:44.98,Andrés ARROYO,07 Jun 1995,PUR,"New York, NY (USA)",06 Jul 2017
1:44.99,Thijmen KUPERS,04 Oct 1991,NED,"FBK Stadium, Hengelo (NED)",11 Jun 2017
1:44.99,Elliot GILES,26 May 1994,GBR,"Olympic Stadium, London (GBR)",09 Jul 2017
1:45.00,Peter Langat KIPLANGAT,06 Sep 1993,KEN,Nairobi (KEN),10 Jun 2017
1:45.01,Ayanleh SOULEIMAN,03 Dec 1992,DJI,Barcelona (ESP),29 Jun 2017
1:45.01,Erik SOWINSKI,21 Dec 1989,USA,"Moratalaz, Madrid (ESP)",14 Jul 2017
1:45.01,Brandon MCBRIDE,15 Jun 1994,CAN,"Complexe Sportif Prince Moulay Abdellah, Rabat (MAR)",16 Jul 2017
1:45.02,Drew WINDLE,22 Jul 1992,USA,"Marietta, GA (USA)",19 May 2017
1:45.02,Thijmen KUPERS,04 Oct 1991,NED,"Olympiastadion, Stockholm (SWE)",18 Jun 2017
1:45.02,Kevin LÓPEZ,12 Jun 1990,ESP,Barcelona (ESP),29 Jun 2017
1:45.02,Kipyegon BETT,01 Feb 1998,KEN,"Olympic Stadium, London (GBR)",06 Aug 2017
1:45.03,Emmanuel Kipkurui KORIR,15 Jun 1995,KEN,"Eugene, OR (USA)",09 Jun 2017
1:45.04,Jesse GARN,04 Jun 1993,USA,"New York, NY (USA)",06 Jul 2017
1:45.04,Willy Kiplimo TARBEI,30 May 1998,KEN,Karlstad (SWE),25 Jul 2017
1:45.05,Robert BIWOTT,28 Jan 1996,KEN,"Stade Charléty, Paris (FRA)",01 Jul 2017
1:45.06,Álvaro DE ARRIBA,02 Jun 1994,ESP,"Moratalaz, Madrid (ESP)",14 Jul 2017
1:45.10,Guy LEARMONTH,20 Apr 1992,GBR,Rovereto (ITA),29 Aug 2017
1:45.12,Isaiah HARRIS,18 Oct 1996,USA,"Charlottesville, VA (USA)",21 Apr 2017
1:45.12,Erik SOWINSKI,21 Dec 1989,USA,"Stade Louis II, Monaco (MON)",21 Jul 2017
1:45.13,Andreas KRAMER,13 Apr 1997,SWE,Karlstad (SWE),25 Jul 2017
1:45.15,Robert BIWOTT,28 Jan 1996,KEN,"Shanghai Stadium, Shanghai (CHN)",13 May 2017
1:45.15,Antoine GAKEME,24 Dec 1991,BDI,Huelva (ESP),14 Jun 2017
1:45.15,Job KINYOR,08 May 1990,KEN,"Moratalaz, Madrid (ESP)",14 Jul 2017
1:45.17,Ferguson Cheruiyot ROTICH,30 Nov 1989,KEN,"Shanghai Stadium, Shanghai (CHN)",13 May 2017
1:45.17,Daniel ANDÚJAR,14 May 1994,ESP,"Moratalaz, Madrid (ESP)",14 Jul 2017
1:45.17,Job KINYOR,08 May 1990,KEN,Bellinzona (SUI),18 Jul 2017
1:45.21,Bernard KIPYEGON,19 Dec 1990,KEN,Nairobi (KEN),24 Jun 2017
1:45.21,Peter BOL,22 Feb 1994,AUS,Mannheim (GER),01 Jul 2017
1:45.21,Adam KSZCZOT,02 Sep 1989,POL,"Olympic Stadium, London (GBR)",09 Jul 2017
1:45.21,Kipyegon BETT,01 Feb 1998,KEN,"Olympic Stadium, London (GBR)",08 Aug 2017
1:45.21,Kipyegon BETT,01 Feb 1998,KEN,"Boudewijnstadion, Bruxelles (BEL)",01 Sep 2017
1:45.22,Marc REUTHER,23 Jun 1996,GER,Pfungstadt (GER),05 Jul 2017
1:45.23,Erik SOWINSKI,21 Dec 1989,USA,"Marietta, GA (USA)",19 May 2017
1:45.23,Brandon MCBRIDE,15 Jun 1994,CAN,Ottawa (CAN),08 Jul 2017
1:45.25,Kyle LANGFORD,02 Feb 1996,GBR,"Olympic Stadium, London (GBR)",08 Aug 2017
1:45.25,Ferguson Cheruiyot ROTICH,30 Nov 1989,KEN,"Boudewijnstadion, Bruxelles (BEL)",01 Sep 2017
1:45.26,Hamada MOHAMED,22 Oct 1992,EGY,Barcelona (ESP),29 Jun 2017
1:45.26,Job KINYOR,08 May 1990,KEN,"Bregyó Athletic Center, Székesfehérvár (HUN)",04 Jul 2017
1:45.26,Ferguson Cheruiyot ROTICH,30 Nov 1989,KEN,"Complexe Sportif Prince Moulay Abdellah, Rabat (MAR)",16 Jul 2017
1:45.27,Erik SOWINSKI,21 Dec 1989,USA,Kingston (JAM),10 Jun 2017
1:45.28,Saúl ORDÓÑEZ,10 Apr 1994,ESP,Pamplona (ESP),27 Jul 2017
1:45.28,Adam KSZCZOT,02 Sep 1989,POL,"Alexander Stadium, Birmingham (GBR)",20 Aug 2017
1:45.29,Willy Kiplimo TARBEI,30 May 1998,KEN,Heusden-Zolder (BEL),22 Jul 2017
1:45.33,Marcin LEWANDOWSKI,13 Jun 1987,POL,"Alexander Stadium, Birmingham (GBR)",20 Aug 2017
1:45.34,Willy Kiplimo TARBEI,30 May 1998,KEN,Oordegem (BEL),27 May 2017
1:45.34,Job KINYOR,08 May 1990,KEN,Andújar (ESP),02 Jun 2017
1:45.34,Amel TUKA,09 Jan 1991,BIH,Velenje (SLO),20 Jun 2017
1:45.36,David RUDISHA,17 Dec 1988,KEN,"Shanghai Stadium, Shanghai (CHN)",13 May 2017
1:45.36,Brandon MCBRIDE,15 Jun 1994,CAN,"Somerville, MA (USA)",02 Jun 2017
1:45.37,Nicholas Kiplangat KIPKOECH,22 Oct 1992,KEN,"Complexe Sportif Prince Moulay Abdellah, Rabat (MAR)",16 Jul 2017
1:45.39,Erik SOWINSKI,21 Dec 1989,USA,"Sacramento, CA (USA)",25 Jun 2017
1:45.39,Brandon MCBRIDE,15 Jun 1994,CAN,"Alexander Stadium, Birmingham (GBR)",20 Aug 2017
1:45.40,Alfred KIPKETER,28 Dec 1996,KEN,"Shanghai Stadium, Shanghai (CHN)",13 May 2017