,Team,Player,Event,X,Y
0,Boston Bolts U17,Normal,Blocked,96.0,31.0
1,Boston Bolts U17,Volley,Shot,87.0,34.0
2,Boston Bolts U17,Normal,Shot,73.0,58.0
3,Boston Bolts U17,Normal,Goal,89.0,66.0
4,Boston Bolts U17,First Time,Goal,96.0,56.0
5,Boston Bolts U17,Normal,Blocked,85.0,70.0
6,Boston Bolts U17,Normal,Blocked,82.0,26.0
7,Boston Bolts U17,Normal,Shot,71.0,48.0
8,Boston Bolts U17,First Time,SOT,89.0,32.0
9,Boston Bolts U17,First Time,Goal,90.0,26.0
10,Boston Bolts U17,Normal,SOT,81.0,30.0
11,Boston Bolts U17,Normal,Goal,91.0,58.0
12,Boston Bolts U17,First Time,Shot,91.0,47.0
13,Boston Bolts U17,1 on 1,Shot,86.0,52.0
14,Boston Bolts U17,1 on 1,Goal,86.0,48.0
15,Boston Bolts U17,Normal,Goal,93.0,32.0
16,Boston Bolts U17,Normal,Blocked,83.0,68.0
17,Boston Bolts U17,Volley,Shot,91.0,24.0
18,Boston Bolts U17,Volley,Shot,90.0,41.0
19,Boston Bolts U17,Normal,Goal,87.0,66.0
20,Boston Bolts U17,Volley,Shot,84.0,69.0
21,Boston Bolts U17,Normal,Shot,73.0,55.0
22,Boston Bolts U17,Normal,Goal,92.0,65.0
23,Boston Bolts U17,Normal,Shot,75.0,51.0
24,Boston Bolts U17,Volley,Blocked,78.0,49.0
25,Boston Bolts U17,First Time,Shot,95.0,61.0
26,Boston Bolts U17,Normal,Blocked,82.0,40.0
27,Boston Bolts U17,Normal,Blocked,79.0,70.0
28,Boston Bolts U17,Normal,Shot,87.0,44.0
29,Boston Bolts U17,Normal,Shot,79.0,78.0
30,Boston Bolts U17,Volley,Shot,90.0,23.0
31,Boston Bolts U17,First Time,SOT,82.0,34.0
32,Boston Bolts U17,First Time,SOT,91.0,37.0
33,Boston Bolts U17,Normal,Blocked,80.0,69.0
34,Boston Bolts U17,Normal,Shot,80.0,41.0
35,Boston Bolts U16,Normal,SOT,84.0,58.0
36,Boston Bolts U16,Volley,Shot,73.0,58.0
37,Boston Bolts U16,Normal,SOT,95.0,44.0
38,Boston Bolts U16,Normal,Blocked,83.0,56.0
39,Boston Bolts U16,Normal,Blocked,90.0,61.0
40,Boston Bolts U16,Normal,SOT,83.0,34.0
41,Boston Bolts U16,Volley,Shot,92.0,56.0
42,Boston Bolts U16,Normal,SOT,92.0,62.0
43,Boston Bolts U16,1 on 1,SOT,98.0,54.0
44,Boston Bolts U16,Normal,SOT,92.0,31.0
45,Boston Bolts U16,Volley,Shot,95.0,54.0
46,Boston Bolts U16,Normal,Blocked,84.0,28.0
47,Boston Bolts U16,Normal,Shot,89.0,51.0
48,Boston Bolts U16,Normal,Blocked,90.0,34.0
49,Boston Bolts U16,Normal,SOT,93.0,58.0
50,Boston Bolts U16,Normal,Shot,79.0,35.0
51,Boston Bolts U16,1 on 1,Goal,97.0,45.0
52,Boston Bolts U16,First Time,Shot,75.0,36.0
53,Boston Bolts U16,Volley,SOT,91.0,49.0
54,Boston Bolts U16,Normal,Shot,91.0,62.0
55,Boston Bolts U16,Normal,Shot,96.0,31.0
56,Boston Bolts U16,Normal,SOT,87.0,55.0
57,Boston Bolts U16,Volley,Blocked,80.0,63.0
58,Boston Bolts U16,Normal,Shot,81.0,49.0
59,Boston Bolts U16,Normal,SOT,98.0,56.0
60,Boston Bolts U16,First Time,SOT,81.0,45.0
61,Boston Bolts U16,Normal,Shot,83.0,45.0
62,Boston Bolts U16,Normal,SOT,80.0,66.0
63,Boston Bolts U16,Normal,Goal,88.0,56.0
64,Boston Bolts U16,Normal,Shot,78.0,31.0
65,Boston Bolts U16,First Time,Blocked,96.0,61.0
66,Boston Bolts U16,First Time,Shot,85.0,56.0
67,Boston Bolts U16,1 on 1,Goal,95.0,45.0
68,Boston Bolts U16,Normal,Goal,93.0,45.0
69,Boston Bolts U16,First Time,Goal,99.0,56.0
70,Boston Bolts U16,Normal,Shot,82.0,45.0
71,Boston Bolts U16,First Time,Goal,99.0,58.0
72,Boston Bolts U16,Normal,SOT,83.0,56.0
73,Boston Bolts U16,Normal,Shot,74.0,41.0
74,Boston Bolts U16,Normal,Shot,79.0,66.0
75,Boston Bolts U16,Normal,Goal,96.0,46.0
76,Boston Bolts U16,First Time,Goal,92.0,36.0
77,Boston Bolts U16,Normal,Shot,83.0,56.0
78,Boston Bolts U16,Normal,Goal,83.0,53.0
79,Boston Bolts U16,1 on 1,Goal,92.0,59.0
80,Boston Bolts U16,Normal,SOT,81.0,70.0
81,Boston Bolts U16,Normal,Shot,95.0,44.0
82,Boston Bolts U16,1 on 1,Goal,92.0,60.0
83,Boston Bolts U16,Normal,SOT,83.0,58.0
84,Boston Bolts U16,Normal,SOT,91.0,47.0
85,Boston Bolts U16,Normal,Shot,77.0,31.0
86,Boston Bolts U16,Normal,Blocked,76.0,49.0
87,Boston Bolts U16,1 on 1,Goal,88.0,58.0
88,Boston Bolts U16,Normal,Blocked,84.0,43.0
89,Boston Bolts U16,Normal,Blocked,93.0,37.0
90,Boston Bolts U16,1 on 1,Shot,90.0,38.0
91,Boston Bolts U16,First Time,Goal,93.0,45.0
92,Boston Bolts U16,First Time,SOT,85.0,47.0
93,Boston Bolts U16,First Time,Blocked,84.0,33.0
94,Boston Bolts U16,Normal,SOT,78.0,45.0
95,Boston Bolts U16,Normal,Goal,99.0,55.0
96,Boston Bolts U16,First Time,SOT,96.0,42.0
97,Boston Bolts U16,1 on 1,SOT,95.0,58.0
98,Boston Bolts U16,1 on 1,Blocked,95.0,54.0
99,Boston Bolts U16,Normal,Blocked,85.0,54.0
100,Boston Bolts U16,Normal,SOT,91.0,67.0
101,Boston Bolts U16,Normal,Shot,86.0,45.0
102,Boston Bolts U16,Normal,SOT,87.0,45.0
103,Boston Bolts U16,Normal,Shot,76.0,56.0
104,Boston Bolts U16,Normal,Shot,92.0,54.0
105,Boston Bolts U16,Normal,Shot,86.0,53.0
106,Boston Bolts U16,Normal,Shot,73.0,43.0
107,Boston Bolts U16,1 on 1,Goal,93.0,56.0
108,Boston Bolts U16,Normal,Shot,78.0,67.0
109,Boston Bolts U16,Normal,Goal,92.0,41.0
110,Boston Bolts U16,Normal,SOT,87.0,69.0
111,Boston Bolts U16,Normal,SOT,91.0,58.0
112,Boston Bolts U16,Volley,Shot,93.0,72.0
113,Boston Bolts U16,Normal,Shot,90.0,69.0
114,Boston Bolts U16,1 on 1,Blocked,79.0,67.0
115,Boston Bolts U16,Normal,Blocked,77.0,51.0
116,Boston Bolts U16,First Time,Blocked,82.0,56.0
117,Boston Bolts U16,Normal,SOT,83.0,58.0
118,Boston Bolts U16,Normal,Shot,83.0,54.0
119,Boston Bolts U16,Normal,Blocked,92.0,57.0
120,Boston Bolts U16,Normal,Blocked,90.0,53.0
121,Boston Bolts U16,Normal,Shot,89.0,36.0
122,Boston Bolts U16,1 on 1,SOT,95.0,45.0
123,Boston Bolts U16,Normal,Blocked,77.0,40.0
124,Boston Bolts U16,Normal,SOT,90.0,36.0
125,Boston Bolts U16,Volley,Blocked,76.0,41.0
126,Boston Bolts U16,Normal,SOT,95.0,56.0
127,Boston Bolts U16,Normal,SOT,85.0,32.0
128,Boston Bolts U16,1 on 1,Shot,97.0,58.0
129,Boston Bolts U16,First Time,Goal,98.0,61.0
130,Boston Bolts U16,Normal,Shot,81.0,65.0
131,Boston Bolts U16,Normal,SOT,83.0,49.0
132,Boston Bolts U16,Normal,Shot,76.0,49.0
133,Boston Bolts U16,Normal,Shot,73.0,59.0
134,Boston Bolts U16,Normal,Shot,90.0,60.0
135,Boston Bolts U16,Normal,SOT,79.0,35.0
136,Boston Bolts U16,Normal,SOT,90.0,63.0
137,Boston Bolts U16,Normal,Goal,91.0,54.0
138,Boston Bolts U16,Normal,SOT,96.0,65.0
139,Boston Bolts U16,Normal,Shot,90.0,42.0
140,Boston Bolts U16,First Time,Goal,90.0,47.0
141,Boston Bolts U16,Normal,SOT,91.0,62.0
142,Boston Bolts U16,Volley,SOT,90.0,56.0
143,Boston Bolts U16,Normal,SOT,75.0,41.0
144,Boston Bolts U16,1 on 1,Goal,97.0,40.0
145,Boston Bolts U16,Volley,Goal,90.0,68.0
146,Boston Bolts U16,1 on 1,Goal,96.0,41.0
147,Boston Bolts U16,Normal,SOT,80.0,66.0
148,Boston Bolts U16,First Time,Shot,98.0,54.0
149,Boston Bolts U16,Normal,SOT,82.0,36.0
150,Boston Bolts U16,Normal,SOT,90.0,31.0
151,Boston Bolts U16,Normal,Shot,83.0,29.0
152,Boston Bolts U16,First Time,Blocked,84.0,52.0
153,Boston Bolts U16,Normal,Blocked,83.0,40.0
154,Boston Bolts U16,Normal,SOT,74.0,45.0
155,Boston Bolts U16,Normal,SOT,92.0,67.0
156,Boston Bolts U16,Normal,Shot,78.0,33.0
157,Boston Bolts U16,Normal,Blocked,78.0,54.0
158,Boston Bolts U16,Normal,Shot,96.0,69.0
159,Boston Bolts U16,First Time,Goal,93.0,59.0
160,Boston Bolts U16,Normal,Blocked,76.0,32.0
161,Boston Bolts U16,First Time,Shot,76.0,63.0
162,Boston Bolts U16,Normal,Shot,79.0,32.0
163,Boston Bolts U16,Normal,Goal,86.0,38.0
164,Boston Bolts U16,Normal,Shot,93.0,69.0
165,Boston Bolts U16,First Time,SOT,96.0,52.0
166,Boston Bolts U16,First Time,SOT,83.0,50.0
167,Boston Bolts U16,1 on 1,Goal,96.0,53.0
168,Boston Bolts U16,Normal,Shot,79.0,33.0
169,Boston Bolts U16,Normal,SOT,97.0,71.0
170,Boston Bolts U16,First Time,SOT,95.0,40.0
171,Boston Bolts U16,1 on 1,Shot,89.0,67.0
172,Boston Bolts U16,First Time,Goal,91.0,50.0
173,Boston Bolts U16,1 on 1,Goal,91.0,40.0
174,Boston Bolts U16,Normal,SOT,93.0,69.0
175,Boston Bolts U16,First Time,Shot,89.0,46.0
176,Boston Bolts U16,Normal,SOT,88.0,33.0
177,Boston Bolts U16,Normal,Goal,93.0,59.0
178,Boston Bolts U16,Normal,SOT,83.0,37.0
179,Boston Bolts U16,Normal,Shot,83.0,53.0
180,Boston Bolts U16,Normal,SOT,91.0,31.0
181,Boston Bolts U16,Normal,Blocked,84.0,67.0
182,Boston Bolts U16,Normal,Shot,78.0,35.0
183,Boston Bolts U16,Normal,Goal,83.0,57.0
184,Boston Bolts U16,Normal,Goal,94.0,32.0
185,Boston Bolts U16,Normal,SOT,90.0,61.0
186,Boston Bolts U16,Volley,SOT,95.0,39.0
187,Boston Bolts U16,Normal,SOT,85.0,67.0
188,Boston Bolts U16,1 on 1,Goal,95.0,45.0
189,Boston Bolts U16,Normal,Shot,77.0,56.0
190,Boston Bolts U16,Normal,Blocked,81.0,29.0
191,Boston Bolts U16,1 on 1,Shot,89.0,34.0
192,Boston Bolts U16,First Time,Shot,86.0,45.0
193,Boston Bolts U16,Normal,SOT,95.0,72.0
194,Boston Bolts U16,First Time,Goal,95.0,43.0
195,Boston Bolts U16,1 on 1,Goal,95.0,42.0
196,Boston Bolts U16,Normal,Blocked,81.0,47.0
197,Boston Bolts U16,Normal,Shot,85.0,69.0
198,Boston Bolts U16,Normal,Blocked,94.0,37.0
199,Boston Bolts U16,1 on 1,SOT,95.0,38.0
200,Boston Bolts U16,Normal,SOT,82.0,70.0
201,Boston Bolts U16,First Time,Goal,95.0,45.0
202,Boston Bolts U16,Normal,Shot,80.0,64.0
203,Boston Bolts U16,Normal,Blocked,85.0,53.0
204,Boston Bolts U16,1 on 1,Shot,93.0,57.0
205,Boston Bolts U16,Normal,SOT,97.0,37.0
206,Boston Bolts U16,Normal,Blocked,85.0,74.0
207,Boston Bolts U16,Normal,Shot,76.0,52.0
208,Boston Bolts U16,Normal,Shot,96.0,30.0
209,Boston Bolts U16,Normal,SOT,93.0,70.0
210,Boston Bolts U16,Normal,SOT,93.0,71.0
211,Boston Bolts U16,Normal,Blocked,78.0,33.0
212,Boston Bolts U16,Normal,Shot,85.0,54.0
213,Boston Bolts U16,Normal,Blocked,85.0,36.0
214,Boston Bolts U16,Normal,Goal,88.0,59.0
215,Boston Bolts U16,Normal,SOT,75.0,64.0
216,Boston Bolts U16,Normal,Blocked,94.0,71.0
217,Boston Bolts U16,First Time,Shot,78.0,69.0
218,Boston Bolts U16,Normal,Blocked,87.0,40.0
219,Boston Bolts U16,Normal,SOT,91.0,70.0
220,Boston Bolts U16,Normal,SOT,96.0,31.0
221,Boston Bolts U16,1 on 1,Goal,95.0,43.0
222,Boston Bolts U16,First Time,Blocked,84.0,66.0
223,Boston Bolts U16,Normal,SOT,82.0,66.0
224,Boston Bolts U16,First Time,Goal,95.0,55.0
225,Boston Bolts U16,1 on 1,Goal,95.0,55.0
226,Boston Bolts U16,First Time,SOT,83.0,74.0
227,Boston Bolts U16,Normal,SOT,98.0,60.0
228,Boston Bolts U16,Normal,Goal,99.0,43.0
229,Boston Bolts U16,1 on 1,SOT,96.0,43.0
230,Boston Bolts U19,Normal,SOT,91.0,67.0
231,Boston Bolts U19,Normal,SOT,93.0,53.0
232,Boston Bolts U19,First Time,Shot,90.0,34.0
233,Boston Bolts U19,Volley,Shot,90.0,32.0
234,Boston Bolts U19,Volley,Goal,98.0,46.0
235,Boston Bolts U19,First Time,Goal,98.0,45.0
236,Boston Bolts U19,1 on 1,Goal,98.0,45.0
237,Boston Bolts U19,1 on 1,Shot,95.0,69.0
238,Boston Bolts U19,Normal,Blocked,90.0,31.0
239,Boston Bolts U19,Normal,SOT,76.0,51.0
240,Boston Bolts U19,First Time,Goal,95.0,43.0
241,Boston Bolts U19,Normal,Goal,97.0,51.0
242,Boston Bolts U19,First Time,Goal,96.0,40.0
243,Boston Bolts U19,1 on 1,Goal,97.0,41.0
244,Boston Bolts U19,Volley,Goal,96.0,42.0
245,Boston Bolts U19,Normal,Goal,94.0,33.0
246,Boston Bolts U19,Normal,Goal,89.0,31.0
247,Boston Bolts U19,First Time,Goal,93.0,43.0
248,Boston Bolts U19,Normal,Shot,88.0,66.0
249,Boston Bolts U19,Normal,Shot,80.0,43.0
250,Boston Bolts U19,First Time,Shot,78.0,72.0
251,Boston Bolts U19,First Time,Goal,95.0,54.0
252,Boston Bolts U19,First Time,Shot,97.0,56.0
253,Boston Bolts U19,Volley,Shot,89.0,31.0
254,Boston Bolts U19,Normal,Blocked,81.0,64.0
255,Boston Bolts U19,First Time,Blocked,88.0,37.0
256,Boston Bolts U19,Normal,SOT,97.0,38.0
257,Boston Bolts U19,First Time,Shot,78.0,36.0
258,Boston Bolts U19,Normal,Shot,76.0,35.0
259,Boston Bolts U19,Normal,Shot,80.0,63.0
260,Boston Bolts U19,Normal,Blocked,78.0,54.0
261,Boston Bolts U19,1 on 1,Goal,90.0,50.0
262,Boston Bolts U19,Volley,Shot,93.0,69.0
263,Boston Bolts U19,First Time,Shot,79.0,31.0
264,Boston Bolts U19,First Time,Goal,96.0,45.0
265,Boston Bolts U19,Normal,Blocked,92.0,61.0
266,Boston Bolts U19,Normal,Blocked,95.0,31.0
267,Boston Bolts U19,Normal,Blocked,83.0,32.0
268,Boston Bolts U19,Normal,Shot,72.0,43.0
269,Boston Bolts U19,Normal,SOT,83.0,47.0
270,Boston Bolts U19,Normal,Shot,93.0,70.0
271,Boston Bolts U19,Normal,SOT,78.0,67.0
272,Boston Bolts U19,Normal,SOT,96.0,33.0
273,Boston Bolts U19,Normal,Shot,81.0,30.0
274,Boston Bolts U19,Normal,Shot,93.0,69.0
275,Boston Bolts U19,Normal,SOT,79.0,41.0
276,Boston Bolts U19,Normal,SOT,91.0,36.0
277,Boston Bolts U19,Normal,Shot,91.0,67.0
278,Boston Bolts U19,Normal,Blocked,90.0,57.0
279,Boston Bolts U19,First Time,Blocked,87.0,53.0
280,Boston Bolts U19,Volley,SOT,89.0,59.0
281,Boston Bolts U19,Normal,Goal,96.0,60.0
282,Boston Bolts U19,Normal,SOT,97.0,64.0
283,Boston Bolts U19,Normal,Blocked,90.0,43.0
284,Boston Bolts U19,Normal,Blocked,78.0,51.0
285,Boston Bolts U19,Normal,Blocked,88.0,58.0
286,Boston Bolts U19,Volley,SOT,90.0,47.0
287,Boston Bolts U19,Normal,Goal,98.0,50.0
288,Boston Bolts U19,Normal,SOT,98.0,70.0
289,Boston Bolts U19,Normal,SOT,98.0,70.0
290,Boston Bolts U19,Normal,Goal,92.0,60.0
291,Boston Bolts U19,First Time,Shot,91.0,58.0
292,Boston Bolts U19,Volley,Shot,92.0,58.0
293,Boston Bolts U19,Normal,Shot,72.0,27.0
294,Boston Bolts U19,Normal,Shot,81.0,47.0
295,Boston Bolts U19,Normal,Blocked,79.0,41.0
296,Boston Bolts U19,First Time,Shot,77.0,67.0
297,Boston Bolts U19,Normal,SOT,85.0,66.0
298,Boston Bolts U19,Normal,SOT,84.0,63.0
299,Boston Bolts U19,Volley,SOT,94.0,54.0
300,Boston Bolts U19,Volley,Goal,92.0,46.0
301,Boston Bolts U19,1 on 1,Shot,92.0,47.0
302,Boston Bolts U19,Normal,SOT,79.0,25.0
303,Boston Bolts U19,Normal,Blocked,84.0,69.0
304,Boston Bolts U19,Normal,SOT,77.0,48.0
305,Boston Bolts U19,Normal,Blocked,78.0,49.0
306,Boston Bolts U19,Normal,Shot,77.0,30.0
307,Boston Bolts U19,Normal,Goal,90.0,47.0
308,Boston Bolts U19,Normal,SOT,81.0,70.0
309,Boston Bolts U19,Normal,SOT,82.0,63.0
310,Boston Bolts U19,Normal,Shot,90.0,62.0
311,Boston Bolts U19,Normal,SOT,78.0,43.0
312,Boston Bolts U19,Normal,Shot,95.0,29.0
313,Boston Bolts U19,Normal,Shot,90.0,70.0
314,Boston Bolts U19,Normal,Shot,90.0,70.0
315,Boston Bolts U19,Normal,Blocked,91.0,34.0
316,Boston Bolts U19,Normal,Blocked,83.0,36.0
317,Boston Bolts U19,Normal,SOT,91.0,63.0
318,Boston Bolts U19,Volley,Shot,93.0,37.0
319,Boston Bolts U19,Normal,SOT,92.0,43.0
320,Boston Bolts U19,1 on 1,SOT,91.0,36.0
321,Boston Bolts U19,Normal,Shot,77.0,35.0
322,Boston Bolts U19,Normal,SOT,90.0,65.0
323,Boston Bolts U19,Normal,Blocked,88.0,43.0
324,Boston Bolts U19,Normal,Blocked,87.0,67.0
325,Boston Bolts U19,Normal,Shot,90.0,42.0
326,Boston Bolts U19,Normal,Shot,90.0,65.0
327,Boston Bolts U19,Normal,Blocked,98.0,42.0
328,Boston Bolts U19,Normal,Blocked,92.0,65.0
329,Boston Bolts U19,Normal,Blocked,78.0,56.0
330,Boston Bolts U19,Volley,Goal,93.0,58.0
331,Boston Bolts U19,Normal,Shot,80.0,34.0
332,Boston Bolts U19,Normal,Shot,90.0,61.0
333,Boston Bolts U19,Volley,SOT,95.0,45.0
334,Boston Bolts U19,Normal,Blocked,94.0,31.0
335,Boston Bolts U19,Normal,Shot,84.0,69.0
336,Boston Bolts U19,Volley,SOT,94.0,47.0
337,Boston Bolts U19,First Time,SOT,93.0,47.0
338,Boston Bolts U19,Normal,SOT,76.0,39.0
339,Boston Bolts U19,Normal,SOT,76.0,43.0
340,Boston Bolts U19,Normal,SOT,79.0,56.0
341,Boston Bolts U19,Normal,Goal,87.0,61.0
342,Boston Bolts U19,Normal,SOT,96.0,42.0
343,Boston Bolts U19,Normal,Shot,81.0,43.0
344,Boston Bolts U19,Normal,Goal,91.0,69.0
345,Boston Bolts U13,Normal,Blocked,85.0,58.0
346,Boston Bolts U13,Normal,SOT,95.0,31.0
347,Boston Bolts U13,Volley,Goal,95.0,59.0
348,Boston Bolts U13,Normal,Shot,77.0,33.0
349,Boston Bolts U13,Normal,SOT,82.0,40.0
350,Boston Bolts U13,Normal,SOT,79.0,69.0
351,Boston Bolts U13,1 on 1,Goal,76.0,67.0
352,Boston Bolts U13,Normal,Blocked,91.0,35.0
353,Boston Bolts U13,Normal,SOT,92.0,58.0
354,Boston Bolts U13,First Time,SOT,89.0,59.0
355,Boston Bolts U13,Volley,Goal,84.0,69.0
356,Boston Bolts U13,1 on 1,SOT,93.0,28.0
357,Boston Bolts U13,Normal,Goal,88.0,48.0
358,Boston Bolts U13,Normal,Shot,80.0,63.0
359,Boston Bolts U13,Normal,SOT,85.0,71.0
360,Boston Bolts U13,Normal,Blocked,77.0,69.0
361,Boston Bolts U13,First Time,Shot,86.0,69.0
362,Boston Bolts U13,Volley,Shot,89.0,68.0
363,Boston Bolts U13,1 on 1,Shot,78.0,50.0
364,Boston Bolts U13,First Time,Shot,75.0,28.0
365,Boston Bolts U13,Normal,SOT,99.0,35.0
366,Boston Bolts U13,Volley,Blocked,85.0,34.0
367,Boston Bolts U13,Volley,SOT,84.0,50.0
368,Boston Bolts U13,Normal,SOT,87.0,53.0
369,Boston Bolts U13,First Time,Shot,85.0,56.0
370,Boston Bolts U13,First Time,SOT,71.0,67.0
371,Boston Bolts U13,First Time,Shot,77.0,51.0
372,Boston Bolts U13,Volley,Shot,79.0,56.0
373,Boston Bolts U13,Normal,SOT,86.0,45.0
374,Boston Bolts U13,Normal,Blocked,75.0,37.0
375,Boston Bolts U13,First Time,Shot,81.0,56.0
376,Boston Bolts U13,Normal,SOT,90.0,42.0
377,Boston Bolts U13,Normal,SOT,83.0,68.0
378,Boston Bolts U13,Volley,Blocked,92.0,55.0
379,Boston Bolts U13,Normal,Shot,84.0,56.0
380,Boston Bolts U13,Volley,Shot,90.0,27.0
381,Boston Bolts U13,First Time,SOT,91.0,45.0
382,Boston Bolts U13,First Time,SOT,84.0,50.0
383,Boston Bolts U13,First Time,SOT,87.0,52.0
384,Boston Bolts U13,First Time,Blocked,81.0,57.0
385,Boston Bolts U13,Normal,SOT,91.0,68.0
386,Boston Bolts U13,Normal,Goal,79.0,52.0
387,Boston Bolts U13,Normal,Shot,86.0,63.0
388,Boston Bolts U13,Normal,SOT,93.0,54.0
389,Boston Bolts U13,First Time,SOT,86.0,63.0
390,Boston Bolts U13,First Time,Shot,75.0,40.0
391,Boston Bolts U13,First Time,Blocked,73.0,42.0
392,Boston Bolts U13,Normal,SOT,94.0,44.0
393,Boston Bolts U13,First Time,Blocked,79.0,56.0
394,Boston Bolts U13,Normal,Shot,95.0,73.0
395,Boston Bolts U13,First Time,Shot,83.0,44.0
396,Boston Bolts U13,Normal,SOT,85.0,55.0
397,Boston Bolts U13,First Time,Shot,83.0,70.0
398,Boston Bolts U13,Normal,Goal,87.0,73.0
399,Boston Bolts U13,First Time,SOT,90.0,61.0
400,Boston Bolts U13,Normal,SOT,89.0,71.0
401,Boston Bolts U13,Normal,SOT,95.0,32.0
402,Boston Bolts U13,Normal,SOT,97.0,64.0
403,Boston Bolts U13,Normal,Shot,87.0,45.0
404,Boston Bolts U13,Normal,Shot,71.0,70.0
405,Boston Bolts U13,Normal,SOT,93.0,61.0
406,Boston Bolts U13,1 on 1,Goal,92.0,56.0
407,Boston Bolts U13,Normal,SOT,71.0,33.0
408,Boston Bolts U13,Normal,Shot,90.0,55.0
409,Boston Bolts U13,1 on 1,Shot,96.0,44.0
410,Boston Bolts U13,Volley,Shot,84.0,49.0
411,Boston Bolts U13,Normal,Shot,89.0,30.0
412,Boston Bolts U13,First Time,Blocked,80.0,40.0
413,Boston Bolts U13,First Time,Shot,72.0,49.0
414,Boston Bolts U13,Normal,SOT,71.0,59.0
415,Boston Bolts U13,Normal,SOT,78.0,71.0
416,Boston Bolts U13,First Time,SOT,86.0,48.0
417,Boston Bolts U13,Volley,Shot,90.0,46.0
418,Boston Bolts U13,Normal,SOT,97.0,34.0
419,Boston Bolts U13,Normal,Shot,86.0,33.0
420,Boston Bolts U13,Normal,Blocked,75.0,29.0
421,Boston Bolts U13,Normal,SOT,74.0,29.0
422,Boston Bolts U13,Normal,Blocked,87.0,50.0
423,Boston Bolts U13,Volley,SOT,86.0,53.0
424,Boston Bolts U13,Normal,SOT,77.0,58.0
425,Boston Bolts U13,Normal,Shot,77.0,66.0
426,Boston Bolts U13,Normal,SOT,70.0,21.0
427,Boston Bolts U13,First Time,Blocked,75.0,60.0
428,Boston Bolts U14,Normal,SOT,93.0,57.0
429,Boston Bolts U14,First Time,SOT,92.0,67.0
430,Boston Bolts U14,Normal,Shot,83.0,53.0
431,Boston Bolts U14,First Time,SOT,94.0,38.0
432,Boston Bolts U14,Normal,Shot,87.0,56.0
433,Boston Bolts U14,Normal,Blocked,86.0,54.0
434,Boston Bolts U14,First Time,SOT,87.0,50.0
435,Boston Bolts U14,First Time,SOT,94.0,38.0
436,Boston Bolts U14,Normal,Shot,91.0,31.0
437,Boston Bolts U14,Volley,SOT,86.0,48.0
438,Boston Bolts U14,Normal,SOT,70.0,73.0
439,Boston Bolts U14,Normal,Goal,93.0,65.0
440,Boston Bolts U14,Normal,SOT,84.0,49.0
441,Boston Bolts U14,Normal,Blocked,82.0,45.0
442,Boston Bolts U14,Normal,Shot,91.0,58.0
443,Boston Bolts U14,Normal,Shot,81.0,29.0
444,Boston Bolts U14,Normal,SOT,81.0,69.0
445,Boston Bolts U14,Normal,Blocked,84.0,33.0
446,Boston Bolts U14,Volley,Blocked,90.0,59.0
447,Boston Bolts U14,First Time,Goal,85.0,71.0
448,Boston Bolts U14,Normal,SOT,89.0,56.0
449,Boston Bolts U14,Normal,Shot,84.0,42.0
450,Boston Bolts U14,First Time,Goal,89.0,59.0
451,Boston Bolts U14,First Time,SOT,88.0,38.0
452,Boston Bolts U14,First Time,Blocked,81.0,35.0
453,Boston Bolts U14,Normal,Blocked,79.0,54.0
454,Boston Bolts U14,Normal,Blocked,78.0,55.0
455,Boston Bolts U14,Normal,Shot,84.0,40.0
456,Boston Bolts U14,Volley,Goal,96.0,53.0
457,Boston Bolts U14,First Time,Blocked,83.0,50.0
458,Boston Bolts U14,Normal,SOT,93.0,65.0
459,Boston Bolts U14,Volley,SOT,93.0,43.0
460,Boston Bolts U14,Normal,Blocked,90.0,64.0
461,Boston Bolts U14,Normal,SOT,91.0,66.0
462,Boston Bolts U14,Normal,Shot,80.0,40.0
463,Boston Bolts U14,Normal,Shot,76.0,50.0
464,Boston Bolts U14,Normal,SOT,85.0,62.0
465,Boston Bolts U14,Volley,Blocked,83.0,47.0
466,Boston Bolts U14,Volley,SOT,87.0,33.0
467,Boston Bolts U14,Normal,Blocked,82.0,51.0
468,Boston Bolts U14,Normal,Blocked,82.0,52.0
469,Boston Bolts U14,Normal,Blocked,71.0,44.0
470,Boston Bolts U14,First Time,Shot,72.0,63.0
471,Boston Bolts U14,Volley,SOT,90.0,46.0
472,Boston Bolts U14,Normal,Shot,70.0,48.0
473,Boston Bolts U14,Normal,Goal,97.0,59.0
474,Boston Bolts U14,First Time,Shot,87.0,69.0
475,Boston Bolts U14,Normal,Goal,83.0,44.0
476,Boston Bolts U14,Normal,Shot,75.0,40.0
477,Boston Bolts U14,Normal,Goal,92.0,44.0
478,Boston Bolts U14,Normal,Goal,97.0,35.0
479,Boston Bolts U14,First Time,Goal,88.0,58.0
480,Boston Bolts U14,Normal,Shot,74.0,59.0
481,Boston Bolts U14,Normal,Shot,71.0,41.0
482,Boston Bolts U14,First Time,Shot,85.0,69.0
483,Boston Bolts U14,First Time,Shot,89.0,28.0
484,Boston Bolts U14,Normal,Shot,81.0,28.0
485,Boston Bolts U14,Normal,Blocked,71.0,31.0
486,Boston Bolts U14,Normal,Goal,75.0,33.0
487,Boston Bolts U14,Normal,Goal,77.0,49.0
488,Boston Bolts U14,Normal,Shot,78.0,62.0
489,Boston Bolts U14,Normal,Goal,73.0,63.0
490,Boston Bolts U14,Volley,Shot,88.0,43.0
491,Boston Bolts U14,Normal,Shot,76.0,35.0
492,Boston Bolts U14,First Time,Shot,85.0,48.0
493,Boston Bolts U14,Normal,Shot,73.0,58.0
494,Boston Bolts U14,Normal,Goal,93.0,40.0
495,Boston Bolts U14,Normal,SOT,87.0,41.0
496,Boston Bolts U14,Normal,Shot,88.0,68.0
497,Boston Bolts U14,Normal,SOT,82.0,51.0
498,Boston Bolts U14,Normal,SOT,79.0,65.0
499,Boston Bolts U14,Normal,SOT,92.0,64.0
500,Boston Bolts U14,Normal,Shot,85.0,52.0
501,Boston Bolts U14,First Time,SOT,90.0,32.0
502,Boston Bolts U14,First Time,SOT,93.0,43.0
503,Boston Bolts U14,Normal,Goal,95.0,56.0
504,Boston Bolts U14,Normal,SOT,84.0,44.0
505,Boston Bolts U14,First Time,Shot,74.0,39.0
506,Boston Bolts U14,Normal,SOT,79.0,57.0
507,Boston Bolts U14,Normal,Blocked,74.0,54.0
508,Boston Bolts U14,Normal,Goal,93.0,54.0
509,Boston Bolts U14,Normal,SOT,87.0,55.0
510,Boston Bolts U14,Normal,Goal,94.0,58.0
511,Boston Bolts U14,First Time,Shot,76.0,36.0
512,Boston Bolts U14,Volley,Goal,95.0,50.0
513,Boston Bolts U14,Volley,Shot,84.0,42.0
514,Boston Bolts U14,Normal,SOT,68.0,68.0
515,Boston Bolts U14,First Time,SOT,89.0,80.0
516,Boston Bolts U14,Normal,Goal,92.0,67.0
517,Boston Bolts U14,Normal,SOT,80.0,46.0
518,Boston Bolts U14,Normal,SOT,74.0,60.0
519,Boston Bolts U14,Normal,SOT,80.0,50.0
520,Boston Bolts U14,Normal,Shot,79.0,63.0
521,Boston Bolts U14,First Time,Shot,87.0,56.0
522,Boston Bolts U14,Normal,Goal,84.0,50.0
523,Boston Bolts U14,Volley,Shot,93.0,54.0
524,Boston Bolts U14,First Time,Goal,94.0,43.0
525,Boston Bolts U14,First Time,Goal,95.0,47.0
526,Boston Bolts U14,Normal,Shot,85.0,33.0
527,Boston Bolts U14,Normal,Shot,70.0,43.0
528,Boston Bolts U14,Normal,Shot,93.0,42.0
529,Boston Bolts U14,Normal,Blocked,92.0,61.0
530,Boston Bolts U14,Volley,Goal,93.0,58.0
531,Boston Bolts U14,Normal,Goal,92.0,66.0
532,Boston Bolts U14,First Time,Shot,86.0,47.0
533,Boston Bolts U14,Volley,Shot,77.0,47.0
534,Boston Bolts U14,1 on 1,Goal,91.0,48.0
535,Boston Bolts U14,Normal,Goal,91.0,63.0
536,Boston Bolts U14,Normal,Shot,74.0,55.0
537,Boston Bolts U14,Normal,Shot,78.0,57.0
538,Boston Bolts U14,Normal,Shot,79.0,56.0
539,Boston Bolts U14,Volley,Shot,80.0,53.0
540,Boston Bolts U14,Normal,SOT,92.0,54.0
541,Boston Bolts U14,Normal,SOT,71.0,51.0
542,Boston Bolts U14,Normal,SOT,89.0,62.0
543,Boston Bolts U14,Normal,SOT,71.0,47.0
544,Boston Bolts U14,Volley,Shot,84.0,72.0
545,Boston Bolts U14,First Time,Goal,94.0,44.0
546,Boston Bolts U14,Normal,Goal,96.0,52.0
547,Boston Bolts U14,Normal,Goal,93.0,67.0
548,Boston Bolts U14,Normal,SOT,94.0,41.0
549,Boston Bolts U14,Normal,SOT,90.0,66.0
550,Boston Bolts U14,Normal,Shot,76.0,39.0
551,Boston Bolts U14,First Time,SOT,93.0,46.0
552,Boston Bolts U14,First Time,Goal,87.0,36.0
553,Boston Bolts U14,Normal,Goal,92.0,40.0
554,Boston Bolts U14,Normal,SOT,83.0,39.0
555,Boston Bolts U14,First Time,Goal,98.0,56.0
556,Boston Bolts U14,Normal,Shot,97.0,43.0
557,Boston Bolts U14,Volley,Goal,86.0,45.0
558,Boston Bolts U14,Normal,SOT,99.0,42.0
559,Boston Bolts U14,First Time,Shot,93.0,33.0
560,Boston Bolts U14,First Time,Blocked,90.0,53.0
561,Boston Bolts U14,Normal,Blocked,80.0,55.0
562,Boston Bolts U14,Normal,SOT,93.0,40.0
563,Boston Bolts U14,Normal,Shot,80.0,49.0
564,Boston Bolts U14,Normal,SOT,82.0,79.0
565,Boston Bolts U14,Normal,Blocked,76.0,46.0
566,Boston Bolts U14,Normal,Shot,88.0,31.0
567,Boston Bolts U14,Normal,SOT,93.0,42.0
568,Boston Bolts U14,Normal,SOT,77.0,47.0
569,Boston Bolts U14,Normal,Blocked,90.0,37.0
570,Boston Bolts U14,Normal,Blocked,79.0,34.0
571,Boston Bolts U14,Volley,Shot,93.0,53.0
572,Boston Bolts U14,Normal,Shot,95.0,64.0
573,Boston Bolts U14,Normal,Goal,83.0,34.0
574,Boston Bolts U14,Volley,Shot,85.0,52.0
575,Boston Bolts U14,Normal,Blocked,89.0,41.0
576,Boston Bolts U14,Normal,Blocked,89.0,30.0
577,Boston Bolts U14,Normal,SOT,74.0,65.0
578,Boston Bolts U14,Normal,SOT,72.0,70.0
579,Boston Bolts U14,Volley,Shot,97.0,50.0
580,Boston Bolts U14,1 on 1,Goal,90.0,43.0
581,Boston Bolts U14,Volley,Goal,87.0,56.0
582,Boston Bolts U14,Normal,Shot,84.0,44.0
583,Boston Bolts U14,First Time,Shot,90.0,39.0
584,Boston Bolts U14,Normal,Blocked,76.0,57.0
585,Boston Bolts U14,Normal,Goal,78.0,53.0
586,Boston Bolts U14,First Time,Shot,97.0,59.0
587,Boston Bolts U14,Normal,Blocked,92.0,61.0
588,Boston Bolts U14,Normal,Blocked,75.0,26.0
589,Boston Bolts U14,First Time,Goal,97.0,51.0
590,Boston Bolts U14,First Time,Shot,92.0,66.0
591,Boston Bolts U14,Normal,SOT,92.0,38.0
592,Boston Bolts U14,Normal,Goal,97.0,34.0
593,Boston Bolts U14,First Time,Goal,89.0,63.0
594,Boston Bolts U14,Normal,Goal,89.0,46.0
595,Boston Bolts U14,Normal,Blocked,73.0,64.0
596,Boston Bolts U14,Normal,Blocked,87.0,56.0
597,Boston Bolts U14,First Time,Shot,94.0,46.0
598,Boston Bolts U14,Volley,Shot,88.0,59.0
599,Boston Bolts U14,First Time,Shot,95.0,32.0
600,Boston Bolts U14,Normal,Blocked,80.0,66.0
601,Boston Bolts U14,Normal,Shot,85.0,53.0
602,Boston Bolts U14,Normal,SOT,91.0,35.0
603,Boston Bolts U14,Volley,SOT,91.0,45.0
604,Boston Bolts U14,Normal,Blocked,82.0,32.0
605,Boston Bolts U14,Normal,Shot,84.0,36.0
606,Boston Bolts U15,First Time,Goal,93.0,52.0
607,Boston Bolts U15,First Time,Shot,77.0,64.0
608,Boston Bolts U15,Normal,Blocked,86.0,50.0
609,Boston Bolts U15,Volley,SOT,87.0,55.0
610,Boston Bolts U15,First Time,SOT,92.0,49.0
611,Boston Bolts U15,Normal,Shot,78.0,53.0
612,Boston Bolts U15,Normal,SOT,70.0,51.0
613,Boston Bolts U15,Normal,Blocked,91.0,67.0
614,Boston Bolts U15,Normal,Shot,75.0,43.0
615,Boston Bolts U15,Normal,SOT,69.0,59.0
616,Boston Bolts U15,Normal,SOT,70.0,69.0
617,Boston Bolts U15,First Time,SOT,92.0,69.0
618,Boston Bolts U15,Normal,SOT,77.0,20.0
619,Boston Bolts U15,Normal,Goal,84.0,35.0
620,Boston Bolts U15,Normal,Goal,83.0,57.0
621,Boston Bolts U15,Normal,Shot,78.0,41.0
622,Boston Bolts U15,Normal,SOT,93.0,31.0
623,Boston Bolts U15,Normal,Goal,87.0,58.0
624,Boston Bolts U15,Volley,Goal,95.0,43.0
625,Boston Bolts U15,Normal,Shot,72.0,38.0
626,Boston Bolts U15,First Time,Goal,92.0,60.0
627,Boston Bolts U15,First Time,Goal,89.0,58.0
628,Boston Bolts U15,Normal,Shot,76.0,35.0
629,Boston Bolts U15,Normal,SOT,96.0,66.0
630,Boston Bolts U15,Normal,Blocked,94.0,50.0
631,Boston Bolts U15,First Time,Shot,92.0,65.0
632,Boston Bolts U15,First Time,Goal,79.0,56.0
633,Boston Bolts U15,First Time,Blocked,88.0,59.0
634,Boston Bolts U15,Normal,Blocked,74.0,34.0
635,Boston Bolts U15,Normal,Shot,79.0,68.0
636,Boston Bolts U15,Normal,SOT,83.0,67.0
637,Boston Bolts U15,Normal,SOT,76.0,29.0
638,Boston Bolts U15,Normal,Blocked,78.0,57.0
639,Boston Bolts U15,Normal,SOT,93.0,67.0
640,Boston Bolts U15,Normal,Blocked,94.0,60.0
641,Boston Bolts U15,Normal,SOT,75.0,29.0
642,Boston Bolts U15,Normal,SOT,78.0,32.0
643,Boston Bolts U15,Normal,Shot,80.0,46.0
644,Boston Bolts U15,First Time,SOT,92.0,39.0
645,Boston Bolts U15,Normal,Shot,79.0,47.0
646,Boston Bolts U15,Normal,SOT,72.0,32.0
647,Boston Bolts U15,Normal,Shot,97.0,64.0
648,Boston Bolts U15,Normal,Shot,83.0,70.0
649,Boston Bolts U15,First Time,SOT,86.0,53.0
650,Boston Bolts U15,Normal,SOT,93.0,67.0
651,Boston Bolts U15,Normal,SOT,73.0,50.0
652,Boston Bolts U15,Normal,Shot,85.0,65.0
653,Boston Bolts U15,Normal,Goal,86.0,33.0
654,Boston Bolts U15,Normal,Shot,75.0,30.0
655,Boston Bolts U15,1 on 1,Shot,92.0,38.0
656,Boston Bolts U15,Normal,Shot,92.0,30.0
657,Boston Bolts U15,Volley,Shot,84.0,29.0
658,Boston Bolts U15,Normal,Shot,89.0,68.0
659,Boston Bolts U15,Volley,Shot,80.0,61.0
660,Boston Bolts U15,First Time,SOT,97.0,61.0
661,Boston Bolts U15,Normal,SOT,82.0,63.0
662,Boston Bolts U15,Normal,SOT,81.0,65.0
663,Boston Bolts U15,First Time,Blocked,84.0,38.0
664,Boston Bolts U15,Normal,Shot,76.0,53.0
665,Boston Bolts U15,First Time,Shot,88.0,63.0
666,Boston Bolts U15,First Time,Blocked,94.0,36.0
667,Boston Bolts U15,First Time,SOT,67.0,62.0
668,Boston Bolts U15,Normal,Goal,98.0,35.0
669,Boston Bolts U15,First Time,Blocked,94.0,61.0
670,Boston Bolts U15,Volley,Shot,94.0,62.0
671,Boston Bolts U15,First Time,Blocked,91.0,38.0
672,Boston Bolts U15,Volley,Shot,95.0,56.0
673,Boston Bolts U15,First Time,Shot,86.0,50.0
674,Boston Bolts U15,First Time,Shot,91.0,32.0
675,Boston Bolts U15,Normal,SOT,82.0,35.0
676,Boston Bolts U15,First Time,Goal,92.0,58.0
677,Boston Bolts U15,First Time,Shot,81.0,43.0
678,Boston Bolts U15,Normal,Goal,92.0,40.0
679,Boston Bolts U15,Normal,Shot,87.0,65.0
680,Boston Bolts U15,Normal,Shot,74.0,38.0
681,Boston Bolts U15,Normal,SOT,82.0,28.0
682,Boston Bolts U15,Normal,SOT,94.0,32.0
683,Boston Bolts U15,Normal,SOT,77.0,56.0
684,Boston Bolts U15,Normal,SOT,99.0,64.0
685,Boston Bolts U15,First Time,SOT,84.0,30.0
686,Boston Bolts U15,Normal,Shot,91.0,30.0
687,Boston Bolts U15,Normal,Goal,87.0,59.0
688,Boston Bolts U15,Normal,Shot,73.0,61.0
689,Boston Bolts U15,First Time,Goal,83.0,74.0
690,Boston Bolts U15,Normal,Goal,87.0,55.0
691,Boston Bolts U15,Normal,SOT,89.0,65.0
692,Boston Bolts U15,First Time,Goal,91.0,45.0
693,Boston Bolts U15,Normal,SOT,72.0,36.0
694,Boston Bolts U15,Normal,Shot,78.0,44.0
695,Boston Bolts U15,First Time,SOT,91.0,35.0
696,Boston Bolts U15,First Time,Blocked,87.0,57.0
697,Boston Bolts U15,Normal,Shot,84.0,69.0
698,Boston Bolts U15,Normal,Blocked,85.0,35.0
699,Boston Bolts U15,Volley,Shot,83.0,50.0
700,Boston Bolts U15,Normal,SOT,79.0,49.0
701,Boston Bolts U15,First Time,Shot,94.0,47.0
702,Boston Bolts U15,Normal,Blocked,86.0,64.0
703,Boston Bolts U15,Normal,Blocked,74.0,58.0
704,Boston Bolts U15,First Time,Shot,84.0,31.0
705,Boston Bolts U15,Normal,Goal,77.0,59.0
706,Boston Bolts U15,Normal,Blocked,77.0,69.0
707,Boston Bolts U15,First Time,SOT,95.0,43.0
708,Boston Bolts U15,Normal,Blocked,88.0,61.0
709,Boston Bolts U15,Volley,Blocked,84.0,64.0
710,Boston Bolts U15,Normal,Blocked,89.0,40.0
711,Boston Bolts U15,Volley,SOT,95.0,49.0
712,Boston Bolts U15,First Time,Goal,98.0,43.0
713,Boston Bolts U15,Normal,Goal,93.0,61.0
714,Boston Bolts U15,Volley,Shot,93.0,51.0
715,Boston Bolts U15,Normal,SOT,78.0,59.0
716,Boston Bolts U15,Normal,Blocked,87.0,42.0
717,Boston Bolts U15,First Time,Shot,85.0,30.0
718,Boston Bolts U15,Normal,Goal,89.0,34.0
719,Boston Bolts U15,Normal,SOT,75.0,44.0
720,Boston Bolts U15,Normal,Shot,90.0,33.0
721,Boston Bolts U15,Volley,Shot,98.0,50.0
722,Boston Bolts U15,First Time,Blocked,95.0,57.0
723,Boston Bolts U15,Volley,Goal,89.0,60.0
724,Boston Bolts U15,First Time,SOT,83.0,42.0
725,Boston Bolts U15,Normal,SOT,73.0,38.0
726,Boston Bolts U15,Normal,Goal,89.0,42.0
727,Boston Bolts U15,Normal,SOT,71.0,60.0
728,Boston Bolts U15,First Time,SOT,93.0,57.0
729,Boston Bolts U15,First Time,Shot,80.0,44.0
730,Boston Bolts U15,First Time,Shot,88.0,67.0
731,Boston Bolts U15,First Time,SOT,89.0,42.0
732,Boston Bolts U15,First Time,Goal,97.0,56.0
733,Boston Bolts U15,Volley,Shot,93.0,34.0
734,Boston Bolts U15,Normal,Shot,79.0,23.0
735,Boston Bolts U15,1 on 1,Goal,89.0,42.0
736,Boston Bolts U15,Normal,Blocked,72.0,37.0
737,Boston Bolts U15,First Time,Goal,96.0,48.0
738,Boston Bolts U15,First Time,Shot,71.0,29.0
739,Boston Bolts U15,Normal,SOT,75.0,38.0
740,Boston Bolts U15,Normal,Blocked,95.0,69.0
741,Boston Bolts U15,Normal,SOT,69.0,38.0
742,Boston Bolts U15,First Time,Goal,95.0,53.0
743,Boston Bolts U15,Normal,SOT,95.0,36.0
744,Boston Bolts U15,Normal,Shot,78.0,27.0
745,Boston Bolts U15,First Time,Blocked,85.0,35.0
746,Boston Bolts U15,Normal,Blocked,91.0,38.0
747,Boston Bolts U15,Normal,Goal,97.0,58.0
748,Boston Bolts U15,Normal,SOT,86.0,32.0
749,Boston Bolts U15,Normal,Shot,75.0,34.0
750,Boston Bolts U15,First Time,SOT,77.0,51.0
751,Boston Bolts U15,Normal,Shot,79.0,61.0
752,Boston Bolts U15,Normal,Shot,91.0,62.0
753,Boston Bolts U15,First Time,Goal,95.0,49.0
754,Boston Bolts U15,Normal,Shot,77.0,35.0
755,Boston Bolts U15,Normal,SOT,82.0,32.0
756,Boston Bolts U15,Normal,Goal,92.0,32.0
757,Boston Bolts U15,First Time,SOT,91.0,33.0
758,Boston Bolts U15,Normal,Shot,97.0,32.0
759,Boston Bolts U15,Normal,Blocked,84.0,62.0
760,Boston Bolts U15,Normal,Blocked,90.0,34.0
761,Boston Bolts U15,Normal,SOT,74.0,49.0
762,Boston Bolts U15,Normal,Shot,74.0,39.0
763,Boston Bolts U15,Normal,Shot,68.0,53.0
764,Boston Bolts U15,Normal,Shot,74.0,48.0
765,Boston Bolts U15,Normal,Shot,79.0,43.0
766,Boston Bolts U15,First Time,SOT,93.0,40.0
767,Boston Bolts U15,Normal,SOT,78.0,49.0
768,Boston Bolts U15,Normal,SOT,83.0,26.0
769,Boston Bolts U15,Volley,Shot,94.0,45.0
770,Boston Bolts U15,Normal,Blocked,83.0,47.0
771,Boston Bolts U15,Normal,Shot,75.0,50.0
772,Boston Bolts U15,First Time,Shot,84.0,33.0
773,Boston Bolts U15,First Time,Shot,92.0,64.0
774,Boston Bolts U15,First Time,Shot,94.0,36.0
775,Boston Bolts U15,Normal,SOT,89.0,70.0
776,Boston Bolts U15,First Time,Shot,90.0,39.0
777,Boston Bolts U15,First Time,Shot,98.0,55.0
778,Boston Bolts U15,Normal,Shot,80.0,48.0
779,Boston Bolts U15,First Time,Goal,94.0,43.0
780,Boston Bolts U15,Normal,Blocked,81.0,41.0
781,Boston Bolts U15,First Time,Shot,84.0,75.0
782,Boston Bolts U15,Volley,Shot,86.0,56.0
783,Boston Bolts U15,Volley,Shot,94.0,39.0
784,Boston Bolts U15,First Time,Goal,85.0,48.0
785,Boston Bolts U15,1 on 1,Goal,87.0,43.0
786,Boston Bolts U15,Normal,Blocked,93.0,59.0
787,Boston Bolts U15,Volley,Shot,95.0,42.0
788,Boston Bolts U15,Volley,Goal,94.0,49.0
789,Boston Bolts U15,Normal,SOT,80.0,69.0
790,Boston Bolts U15,Normal,SOT,75.0,57.0
791,Boston Bolts U15,Normal,SOT,86.0,66.0
792,Boston Bolts U15,Normal,Goal,81.0,52.0
793,Boston Bolts U17,Normal,SOT,85.0,38.0
794,Boston Bolts U17,First Time,Shot,76.0,51.0
795,Boston Bolts U17,Normal,Shot,74.0,49.0
796,Boston Bolts U17,Normal,Shot,79.0,41.0
797,Boston Bolts U17,Normal,SOT,86.0,29.0
798,Boston Bolts U17,Normal,Shot,86.0,50.0
799,Boston Bolts U17,Normal,Shot,76.0,50.0
800,Boston Bolts U17,1 on 1,Goal,92.0,54.0
801,Boston Bolts U17,Normal,Shot,91.0,69.0
802,Boston Bolts U17,First Time,Shot,90.0,36.0
803,Boston Bolts U17,Normal,Goal,79.0,35.0
804,Boston Bolts U17,Normal,Shot,89.0,69.0
805,Boston Bolts U17,Normal,Shot,78.0,44.0
806,Boston Bolts U17,Normal,Blocked,90.0,69.0
807,Boston Bolts U17,Normal,Blocked,87.0,36.0
808,Boston Bolts U17,Normal,Blocked,88.0,45.0
809,Boston Bolts U17,Normal,Shot,95.0,30.0
810,Boston Bolts U17,Normal,Shot,69.0,53.0
811,Boston Bolts U17,Normal,Shot,90.0,66.0
812,Boston Bolts U17,Normal,Blocked,82.0,50.0
813,Boston Bolts U17,Volley,Shot,91.0,67.0
814,Boston Bolts U17,Normal,Goal,94.0,60.0
815,Boston Bolts U17,Normal,Blocked,89.0,77.0
816,Boston Bolts U17,Normal,Goal,95.0,44.0
817,Boston Bolts U17,Normal,Goal,84.0,45.0
818,Boston Bolts U17,Normal,Shot,83.0,44.0
819,Boston Bolts U17,1 on 1,Goal,92.0,67.0
820,Boston Bolts U17,Normal,SOT,79.0,61.0
821,Boston Bolts U17,Normal,Shot,91.0,70.0
822,Boston Bolts U17,Normal,SOT,91.0,68.0
823,Boston Bolts U17,Normal,SOT,90.0,39.0
824,Boston Bolts U17,Normal,SOT,91.0,69.0
825,Boston Bolts U17,Volley,Shot,76.0,43.0
826,Boston Bolts U17,Normal,SOT,92.0,66.0
827,Boston Bolts U17,Normal,Shot,82.0,29.0
828,Boston Bolts U17,Normal,Shot,87.0,54.0
829,Boston Bolts U17,Normal,Blocked,79.0,35.0
830,Boston Bolts U17,Normal,SOT,95.0,43.0
831,Boston Bolts U17,Normal,SOT,94.0,68.0
832,Boston Bolts U17,Normal,Shot,94.0,50.0
833,Boston Bolts U17,Normal,SOT,94.0,32.0
834,Boston Bolts U17,Normal,Goal,79.0,32.0
835,Boston Bolts U17,First Time,Goal,89.0,55.0
836,Boston Bolts U17,Normal,SOT,94.0,67.0
837,Boston Bolts U17,Normal,SOT,94.0,32.0
838,Boston Bolts U17,Volley,Shot,92.0,31.0
839,Boston Bolts U17,Normal,Blocked,96.0,33.0
840,Boston Bolts U17,Normal,Shot,83.0,29.0
841,Boston Bolts U17,Normal,SOT,79.0,58.0
842,Boston Bolts U17,Normal,Blocked,90.0,36.0
843,Boston Bolts U17,Normal,Blocked,87.0,45.0
844,Boston Bolts U17,Normal,Goal,94.0,67.0
845,Boston Bolts U17,Normal,Shot,73.0,71.0
846,Boston Bolts U17,Normal,Blocked,90.0,39.0
847,Boston Bolts U17,Normal,Shot,77.0,59.0
848,Boston Bolts U17,Normal,SOT,94.0,69.0
849,Boston Bolts U17,Normal,Blocked,82.0,42.0
850,Boston Bolts U17,Normal,Goal,96.0,68.0
851,Boston Bolts U17,Normal,SOT,97.0,34.0
852,Boston Bolts U17,First Time,Goal,90.0,40.0
853,Boston Bolts U17,Normal,SOT,78.0,55.0
854,Boston Bolts U17,Volley,Shot,87.0,73.0
855,Boston Bolts U17,First Time,Shot,92.0,62.0
856,Boston Bolts U13,First Time,SOT,89.0,57.0
857,Boston Bolts U13,Normal,Goal,94.0,66.0
858,Boston Bolts U13,Volley,Shot,78.0,31.0
859,Boston Bolts U13,Normal,SOT,70.0,63.0
860,Boston Bolts U13,Normal,SOT,76.0,26.0
861,Boston Bolts U13,Normal,Blocked,77.0,61.0
862,Boston Bolts U13,Normal,SOT,78.0,70.0
863,Boston Bolts U13,Normal,Shot,95.0,70.0
864,Boston Bolts U13,First Time,Goal,88.0,58.0
865,Boston Bolts U13,Volley,Shot,84.0,37.0
866,Boston Bolts U13,Volley,SOT,88.0,67.0
867,Boston Bolts U13,Normal,Shot,76.0,55.0
868,Boston Bolts U13,Normal,Blocked,79.0,49.0
869,Boston Bolts U13,Normal,Shot,92.0,54.0
870,Boston Bolts U13,Normal,Goal,93.0,56.0
871,Boston Bolts U13,1 on 1,Goal,94.0,64.0
872,Boston Bolts U13,Normal,Blocked,98.0,35.0
873,Boston Bolts U13,Normal,SOT,89.0,67.0
874,Boston Bolts U13,Volley,Shot,91.0,62.0
875,Boston Bolts U13,First Time,Goal,95.0,47.0
876,Boston Bolts U13,Normal,SOT,92.0,40.0
877,Boston Bolts U13,Normal,SOT,83.0,28.0
878,Boston Bolts U13,First Time,Shot,92.0,58.0
879,Boston Bolts U13,Normal,Shot,83.0,48.0
880,Boston Bolts U13,Normal,Goal,93.0,29.0
881,Boston Bolts U13,Normal,Blocked,86.0,29.0
882,Boston Bolts U13,Normal,Shot,86.0,41.0
883,Boston Bolts U13,Normal,Shot,91.0,69.0
884,Boston Bolts U13,Normal,Shot,79.0,30.0
885,Boston Bolts U13,Normal,Shot,65.0,58.0
886,Boston Bolts U13,Normal,Shot,75.0,60.0
887,Boston Bolts U13,Normal,Goal,96.0,37.0
888,Boston Bolts U13,Normal,Shot,89.0,56.0
889,Boston Bolts U13,First Time,Shot,95.0,70.0
890,Boston Bolts U13,Volley,Goal,94.0,48.0
891,Boston Bolts U13,Volley,SOT,93.0,54.0
892,Boston Bolts U13,Normal,Goal,96.0,44.0
893,Boston Bolts U13,Normal,SOT,90.0,67.0
894,Boston Bolts U13,First Time,SOT,91.0,45.0
895,Boston Bolts U13,Normal,SOT,88.0,65.0
896,Boston Bolts U13,Volley,Shot,84.0,50.0
897,Boston Bolts U13,First Time,Shot,85.0,45.0
898,Boston Bolts U13,First Time,Shot,93.0,49.0
899,Boston Bolts U13,Normal,SOT,81.0,51.0
900,Boston Bolts U13,Normal,SOT,75.0,46.0
901,Boston Bolts U13,Normal,SOT,79.0,70.0
902,Boston Bolts U13,Normal,Blocked,78.0,54.0
903,Boston Bolts U13,Normal,Blocked,76.0,57.0
904,Boston Bolts U13,Normal,SOT,80.0,28.0
905,Boston Bolts U13,Normal,Shot,74.0,28.0
906,Boston Bolts U13,Normal,Shot,89.0,35.0
907,Boston Bolts U13,First Time,Shot,87.0,43.0
908,Boston Bolts U13,Normal,SOT,70.0,71.0
909,Boston Bolts U13,Normal,SOT,81.0,70.0
910,Boston Bolts U13,Normal,SOT,88.0,27.0
911,Boston Bolts U13,First Time,Shot,94.0,47.0
912,Boston Bolts U13,First Time,Shot,90.0,33.0
913,Boston Bolts U13,First Time,Shot,84.0,51.0
914,Boston Bolts U17,Volley,SOT,93.0,69.0
915,Boston Bolts U17,Normal,Goal,89.0,57.0
916,Boston Bolts U17,Normal,Blocked,87.0,59.0
917,Boston Bolts U17,First Time,Blocked,87.0,50.0
918,Boston Bolts U17,Normal,Shot,81.0,28.0
919,Boston Bolts U17,Normal,Shot,78.0,34.0
920,Boston Bolts U17,Normal,Goal,93.0,60.0
921,Boston Bolts U17,First Time,SOT,90.0,29.0
922,Boston Bolts U17,Normal,SOT,86.0,29.0
923,Boston Bolts U17,Normal,Shot,84.0,65.0
924,Boston Bolts U17,Normal,Shot,95.0,35.0
925,Boston Bolts U17,Normal,Blocked,92.0,66.0
926,Boston Bolts U17,Volley,SOT,86.0,50.0
927,Boston Bolts U17,Volley,Blocked,82.0,38.0
928,Boston Bolts U17,First Time,Shot,90.0,35.0
929,Boston Bolts U17,Normal,SOT,96.0,35.0
930,Boston Bolts U17,Normal,SOT,97.0,62.0
931,Boston Bolts U17,Normal,Blocked,86.0,47.0
932,Boston Bolts U17,Normal,SOT,83.0,65.0
933,Boston Bolts U17,Volley,Blocked,83.0,63.0
934,Boston Bolts U17,Volley,Shot,90.0,62.0
935,Boston Bolts U17,First Time,Shot,94.0,43.0
936,Boston Bolts U17,Normal,Blocked,85.0,28.0
937,Boston Bolts U17,Normal,Shot,88.0,80.0
938,Boston Bolts U17,Normal,Blocked,79.0,65.0
939,Boston Bolts U17,Normal,Shot,78.0,47.0
940,Boston Bolts U17,Normal,SOT,98.0,67.0
941,Boston Bolts U17,Volley,SOT,90.0,31.0
942,Boston Bolts U17,Normal,SOT,92.0,30.0
943,Boston Bolts U17,First Time,Shot,95.0,30.0
944,Boston Bolts U17,Normal,Shot,96.0,67.0
945,Boston Bolts U17,First Time,SOT,85.0,33.0
946,Boston Bolts U17,First Time,Blocked,80.0,54.0
947,Boston Bolts U17,Normal,Goal,82.0,29.0
948,Boston Bolts U17,Normal,Blocked,78.0,52.0
949,Boston Bolts U17,Normal,SOT,77.0,50.0
950,Boston Bolts U17,First Time,SOT,94.0,33.0
951,Boston Bolts U17,Normal,Goal,96.0,27.0
952,Boston Bolts U17,First Time,Shot,90.0,43.0
953,Boston Bolts U17,First Time,Blocked,80.0,50.0
954,Boston Bolts U17,First Time,Blocked,87.0,49.0
955,Boston Bolts U17,Normal,Shot,94.0,48.0
956,Boston Bolts U17,Normal,SOT,77.0,51.0
957,Boston Bolts U17,First Time,Shot,92.0,66.0
958,Boston Bolts U17,Normal,SOT,74.0,53.0
959,Boston Bolts U17,Normal,Goal,80.0,42.0
960,Boston Bolts U17,Normal,Shot,87.0,76.0
961,Boston Bolts U17,First Time,Blocked,95.0,47.0
962,Boston Bolts U17,First Time,SOT,94.0,50.0
963,Boston Bolts U17,First Time,Blocked,96.0,46.0
964,Boston Bolts U17,Normal,SOT,81.0,31.0
965,Boston Bolts U17,Volley,Shot,86.0,66.0
966,Boston Bolts U17,Normal,SOT,74.0,32.0
967,Boston Bolts U17,Normal,Shot,87.0,29.0
968,Boston Bolts U17,Normal,Shot,86.0,70.0
969,Boston Bolts U17,Normal,Shot,62.0,68.0
970,Boston Bolts U17,Normal,Shot,77.0,43.0
971,Boston Bolts U17,Normal,Shot,73.0,68.0
972,Boston Bolts U17,Volley,Shot,74.0,56.0
973,Boston Bolts U17,Normal,Shot,92.0,67.0
974,Boston Bolts U17,First Time,Shot,89.0,57.0
975,Boston Bolts U17,Normal,Blocked,93.0,71.0
976,Boston Bolts U17,Normal,SOT,82.0,41.0
977,Boston Bolts U17,Normal,Shot,92.0,69.0
978,Boston Bolts U17,Normal,Shot,87.0,52.0
979,Boston Bolts U17,First Time,SOT,95.0,34.0
980,Boston Bolts U17,Volley,Blocked,93.0,38.0
981,Boston Bolts U17,First Time,Goal,94.0,35.0
982,Boston Bolts U17,First Time,Goal,95.0,46.0
983,Boston Bolts U17,First Time,SOT,90.0,52.0
984,Boston Bolts U17,Volley,Shot,84.0,54.0
985,Boston Bolts U17,First Time,SOT,88.0,64.0
986,Boston Bolts U17,Normal,SOT,95.0,67.0
987,Boston Bolts U17,Normal,Blocked,92.0,61.0
988,Boston Bolts U17,Normal,Blocked,85.0,49.0
989,Boston Bolts U17,Normal,Blocked,74.0,50.0
990,Boston Bolts U17,First Time,Goal,97.0,49.0
991,Boston Bolts U17,Volley,Shot,81.0,45.0
992,Boston Bolts U17,First Time,Shot,96.0,55.0
993,Boston Bolts U17,First Time,Shot,84.0,46.0
994,Boston Bolts U17,Normal,SOT,86.0,62.0
995,Boston Bolts U17,1 on 1,Goal,84.0,49.0
996,Boston Bolts U17,Normal,Shot,78.0,61.0
997,Boston Bolts U17,First Time,Shot,91.0,66.0
998,Boston Bolts U17,Normal,SOT,77.0,31.0
999,Boston Bolts U17,Normal,Blocked,78.0,58.0
1000,Boston Bolts U17,Normal,SOT,70.0,32.0
1001,Boston Bolts U17,Normal,Blocked,91.0,54.0
1002,Boston Bolts U17,Volley,Blocked,77.0,50.0
1003,Boston Bolts U17,Normal,Blocked,75.0,51.0
1004,Boston Bolts U17,1 on 1,SOT,92.0,44.0
1005,Boston Bolts U17,Normal,Shot,85.0,50.0
1006,Boston Bolts U17,Volley,Blocked,74.0,51.0
1007,Boston Bolts U17,Normal,SOT,79.0,41.0
1008,Boston Bolts U17,Normal,Shot,81.0,69.0
1009,Boston Bolts U17,First Time,SOT,80.0,42.0
1010,Boston Bolts U17,Normal,Blocked,75.0,58.0
1011,Boston Bolts U17,Normal,Blocked,79.0,53.0
1012,Boston Bolts U17,Normal,Blocked,91.0,28.0
1013,Boston Bolts U17,Normal,Shot,75.0,41.0
1014,Boston Bolts U17,Normal,SOT,98.0,32.0
1015,Boston Bolts U17,Volley,Shot,76.0,69.0
1016,Boston Bolts U17,Normal,SOT,94.0,30.0
1017,Boston Bolts U17,Volley,SOT,83.0,42.0
1018,Boston Bolts U17,Normal,Blocked,88.0,64.0
1019,Boston Bolts U17,First Time,Shot,82.0,51.0
1020,Boston Bolts U17,First Time,SOT,94.0,50.0
1021,Boston Bolts U17,1 on 1,Goal,98.0,48.0
1022,Boston Bolts U17,Normal,Goal,89.0,73.0
1023,Boston Bolts U13,1 on 1,Goal,86.0,49.0
1024,Boston Bolts U13,Normal,Shot,78.0,29.0
1025,Boston Bolts U13,Normal,Shot,85.0,58.0
1026,Boston Bolts U13,First Time,Shot,73.0,58.0
1027,Boston Bolts U13,1 on 1,Goal,94.0,54.0
1028,Boston Bolts U13,Normal,SOT,80.0,48.0
1029,Boston Bolts U13,Normal,Blocked,97.0,32.0
1030,Boston Bolts U13,Volley,Shot,79.0,42.0
1031,Boston Bolts U13,Normal,SOT,91.0,70.0
1032,Boston Bolts U13,Volley,Shot,87.0,57.0
1033,Boston Bolts U13,Volley,Blocked,95.0,32.0
1034,Boston Bolts U13,Volley,Shot,94.0,46.0
1035,Boston Bolts U13,Normal,Shot,83.0,55.0
1036,Boston Bolts U13,Normal,Goal,84.0,52.0
1037,Boston Bolts U13,First Time,Blocked,90.0,61.0
1038,Boston Bolts U13,Normal,Blocked,85.0,48.0
1039,Boston Bolts U13,Normal,Goal,84.0,29.0
1040,Boston Bolts U13,Normal,Shot,89.0,65.0
1041,Boston Bolts U13,Normal,SOT,88.0,71.0
1042,Boston Bolts U13,Normal,Shot,81.0,71.0
1043,Boston Bolts U13,First Time,Shot,81.0,54.0
1044,Boston Bolts U13,First Time,SOT,88.0,36.0
1045,Boston Bolts U13,First Time,Blocked,94.0,48.0
1046,Boston Bolts U13,First Time,SOT,96.0,65.0
1047,Boston Bolts U13,Normal,SOT,86.0,47.0
1048,Boston Bolts U13,Normal,Blocked,75.0,39.0
1049,Boston Bolts U13,Normal,SOT,89.0,29.0
1050,Boston Bolts U13,Volley,Goal,93.0,46.0
1051,Boston Bolts U13,Normal,Shot,95.0,69.0
1052,Boston Bolts U13,Normal,SOT,87.0,63.0
1053,Boston Bolts U13,First Time,Shot,93.0,48.0
1054,Boston Bolts U13,Normal,SOT,82.0,35.0
1055,Boston Bolts U13,Normal,Shot,79.0,67.0
1056,Boston Bolts U13,Normal,Shot,75.0,50.0
1057,Boston Bolts U13,Normal,Shot,79.0,43.0
1058,Boston Bolts U13,Normal,SOT,88.0,77.0
1059,Boston Bolts U13,Normal,SOT,84.0,36.0
1060,Boston Bolts U13,Normal,Goal,98.0,55.0
1061,Boston Bolts U13,Normal,SOT,87.0,71.0
1062,Boston Bolts U13,Normal,SOT,89.0,39.0
1063,Boston Bolts U13,Normal,Shot,74.0,28.0
1064,Boston Bolts U13,Normal,SOT,79.0,56.0
1065,Boston Bolts U13,Normal,Blocked,81.0,71.0
1066,Boston Bolts U13,Normal,Blocked,94.0,37.0
1067,Boston Bolts U13,Normal,Goal,93.0,53.0
1068,Boston Bolts U13,First Time,Goal,78.0,51.0
1069,Boston Bolts U13,1 on 1,Goal,89.0,42.0
1070,Boston Bolts U13,First Time,Shot,87.0,67.0
1071,Boston Bolts U13,First Time,Shot,89.0,38.0
1072,Boston Bolts U13,Normal,SOT,92.0,59.0
1073,Boston Bolts U13,First Time,Shot,95.0,46.0
1074,Boston Bolts U13,First Time,Shot,70.0,29.0
1075,Boston Bolts U13,Normal,SOT,80.0,50.0
1076,Boston Bolts U13,Normal,Blocked,92.0,74.0
1077,Boston Bolts U13,Normal,SOT,75.0,34.0
1078,Boston Bolts U13,Volley,SOT,77.0,45.0
1079,Boston Bolts U13,Normal,SOT,75.0,32.0
1080,Boston Bolts U13,1 on 1,Goal,94.0,51.0
1081,Boston Bolts U13,Normal,SOT,75.0,30.0
1082,Boston Bolts U13,Volley,SOT,93.0,46.0
1083,Boston Bolts U13,Volley,SOT,93.0,55.0
1084,Boston Bolts U13,Volley,Shot,83.0,37.0
1085,Boston Bolts U13,Normal,SOT,99.0,63.0
1086,Boston Bolts U13,Normal,Shot,82.0,57.0
1087,Boston Bolts U13,First Time,Blocked,83.0,58.0
1088,Boston Bolts U13,First Time,SOT,95.0,56.0
1089,Boston Bolts U13,First Time,Goal,94.0,50.0
1090,Boston Bolts U13,Normal,SOT,89.0,67.0
1091,Boston Bolts U13,First Time,SOT,95.0,44.0
1092,Boston Bolts U13,Normal,Shot,84.0,39.0
1093,Boston Bolts U13,First Time,SOT,87.0,40.0
1094,Boston Bolts U13,Volley,Shot,95.0,50.0
1095,Boston Bolts U13,First Time,Shot,79.0,61.0
1096,Boston Bolts U13,Normal,SOT,91.0,64.0
1097,Boston Bolts U13,1 on 1,Goal,95.0,47.0
1098,Boston Bolts U13,First Time,Shot,78.0,49.0
1099,Boston Bolts U13,Normal,Shot,85.0,47.0
1100,Boston Bolts U13,Volley,SOT,89.0,39.0
1101,Boston Bolts U13,1 on 1,Goal,95.0,45.0
1102,Boston Bolts U13,First Time,SOT,96.0,51.0
1103,Boston Bolts U13,First Time,Goal,95.0,46.0
1104,Boston Bolts U13,Normal,Goal,85.0,25.0
1105,Boston Bolts U13,Normal,Blocked,84.0,63.0
1106,Boston Bolts U13,Normal,Goal,94.0,71.0
1107,Boston Bolts U13,Normal,SOT,79.0,70.0
1108,Boston Bolts U13,Normal,Goal,88.0,50.0
1109,Boston Bolts U13,Normal,Goal,85.0,54.0
1110,Boston Bolts U13,Normal,Goal,95.0,48.0
1111,Boston Bolts U13,Normal,Blocked,73.0,62.0
1112,Boston Bolts U13,First Time,SOT,80.0,39.0
1113,Boston Bolts U13,First Time,Shot,94.0,54.0
1114,Boston Bolts U13,First Time,Goal,85.0,54.0
1115,Boston Bolts U13,First Time,Goal,95.0,45.0
1116,Boston Bolts U13,Volley,SOT,78.0,55.0
1117,Boston Bolts U13,First Time,Blocked,94.0,59.0
1118,Boston Bolts U13,Normal,SOT,78.0,33.0
1119,Boston Bolts U13,Normal,Blocked,90.0,48.0
1120,Boston Bolts U13,First Time,Goal,94.0,50.0
1121,Boston Bolts U13,Normal,Blocked,87.0,41.0
1122,Boston Bolts U13,Normal,Shot,67.0,55.0
1123,Boston Bolts U13,Normal,Goal,90.0,32.0
1124,Boston Bolts U13,Normal,SOT,75.0,35.0
1125,Boston Bolts U13,Normal,SOT,93.0,71.0
1126,Boston Bolts U13,Volley,Shot,75.0,58.0
1127,Boston Bolts U13,Volley,Blocked,81.0,63.0
1128,Boston Bolts U13,First Time,SOT,88.0,40.0
1129,Boston Bolts U13,Normal,Goal,85.0,44.0
1130,Boston Bolts U13,Normal,Shot,77.0,28.0
1131,Boston Bolts U13,Normal,Blocked,86.0,67.0
1132,Boston Bolts U13,First Time,Blocked,82.0,58.0
1133,Boston Bolts U13,Normal,Blocked,84.0,52.0
1134,Boston Bolts U16,Normal,SOT,67.66666666666666,31.375
1135,Boston Bolts U16,Normal,Blocked,71.08333333333333,55.25
1136,Boston Bolts U16,Normal,Shot,80.58333333333333,54.125
1137,Boston Bolts U16,Normal,Blocked,67.0,65.75
1138,Boston Bolts U16,Normal,SOT,81.58333333333334,62.5
1139,Boston Bolts U16,Normal,Blocked,86.08333333333333,48.375
1140,Boston Bolts U16,Normal,SOT,91.41666666666667,56.125
1141,Boston Bolts U16,Normal,SOT,86.66666666666667,15.75
1142,Boston Bolts U16,Normal,SOT,84.50000000000001,49.5
1143,Boston Bolts U16,Normal,SOT,81.5,64.875
1144,Boston Bolts U16,Normal,SOT,72.5,13.375
1145,Boston Bolts U16,Normal,Blocked,86.16666666666667,37.125
1146,Boston Bolts U16,Normal,SOT,64.33333333333334,14.25
1147,Boston Bolts U16,Normal,SOT,86.66666666666667,9.125
1148,Boston Bolts U16,Normal,Blocked,85.25,24.125
1149,Boston Bolts U16,Normal,Blocked,87.25,41.0
1150,Boston Bolts U16,Normal,Shot,79.83333333333333,22.25
1151,Boston Bolts U16,Normal,SOT,89.25,56.875
1152,Boston Bolts U16,Normal,Shot,63.66666666666667,43.0
1153,Boston Bolts U16,Normal,Shot,86.25,58.375
1154,Boston Bolts U16,Normal,Shot,91.16666666666667,70.5
1155,Boston Bolts U16,Normal,Blocked,93.66666666666667,51.75
1156,Boston Bolts U16,Normal,Shot,84.58333333333334,66.5
1157,Boston Bolts U16,Normal,Blocked,79.08333333333334,51.625
1158,Boston Bolts U16,Normal,Blocked,93.83333333333333,39.375
1159,Boston Bolts U16,Normal,Blocked,64.83333333333333,74.5
1160,Boston Bolts U16,Normal,Blocked,100.41666666666667,41.25
1161,Boston Bolts U16,Normal,SOT,68.16666666666667,7.375
1162,Boston Bolts U16,Normal,Shot,69.0,42.125
1163,Boston Bolts U16,Normal,SOT,84.58333333333333,62.75
1164,Boston Bolts U16,Normal,Shot,65.83333333333333,45.125
1165,Boston Bolts U16,Normal,SOT,84.58333333333333,43.25
1166,Boston Bolts U16,Normal,Shot,96.33333333333333,39.375
1167,Boston Bolts U16,Normal,Shot,84.16666666666667,35.875
